RYM Album, First Name,Last Name,First Name localized, Last Name localized,Title,Release_Date,Rating,Ownership,Purchase Date,Media Type
"9844171","","박혜진","","Park Hye Jin","If U Want It","2018","6","n","",""
"28324","","!!!","","","!!!","2000","6","o","",""
"352783","","10,000 Maniacs","","","In My Tribe","1987","6","o","",""
"55","","10,000 Maniacs","","","MTV Unplugged","1993","5","o","",""
"1483","","10,000 Maniacs","","","Our Time in Eden","1992","5","o","",""
"100099","","1/2 Japanese","","","1/2 Gentlemen / Not Beasts","1980","6","o","",""
"135543","","1/2 Japanese","","","Loud","1982","0","w","","CD"
"7808","","13th Floor Elevators","","","Easter Everywhere","1967","8","o","",""
"7807","The","13th Floor Elevators","","","The Psychedelic Sounds of The 13th Floor Elevators","1966","8","o","",""
"165486","","14 Iced Bears","","","14 Iced Bears","1988","6","o","",""
"11105","","23 Skidoo","","","Seven Songs","1982","5","o","",""
"177968","","2nd II None","","","2nd II None","1991","6","o","",""
"291223","","31Knots","","","Talk Like Blood","2005","6","o","",""
"1674495","","50 000 000 Elvis Fans Can't Be Wrong","","","Baby Trash","1993","5","o","",""
"6581","","ABBA","","","Arrival","1976","6","o","","LP"
"895395","","Abecedarians","","","AB-CD","1988","6","o","",""
"260252","","Able Tasmans","","","Hey Spinner!","1991","6","o","",""
"254841","The","Abyssinians","","","Satta Masa Gana","1976","8","o","",""
"359144","","Accion Mutante","","","Fear","1995","6","o","",""
"226481","","Acid House Kings","","","Sing Along With Acid House Kings","2005","7","o","",""
"92242","","Acid Mothers Temple &amp; The Melting Paraiso U.F.O.","","","La nòvia","2000","6","o","",""
"413","","Adam and the Ants","","","Kings of the Wild Frontier","1980","7","o","",""
"2586","Ryan","Adams","","","Heartbreaker","2000","8","o","",""
"11130","Cannonball","Adderley","","","Somethin' Else","1958","6","o","",""
"13596","","Add N to (X)","","","On the Wires of Our Nerves","1998","5","o","",""
"11136","King Sunny","Adé and His African Beats","","","Juju Music","1982","7","o","",""
"11749245","","Adeline","","","Intérimes","2020","7","n","",""
"2423","","Adorable","","","Against Perfection","1993","7","o","",""
"31820","","Adventures in Stereo","","","Alternative Stereo Sounds","1998","7","o","",""
"24745","The","Adverts","","","Crossing the Red Sea With The Adverts","1978","7","o","",""
"44740","","Aereogramme","","","Sleep and Release","2003","5","o","",""
"5101","The","Afghan Whigs","","","Gentlemen","1993","6","o","",""
"256272","","A Frames","","","Black Forest","2005","5","o","",""
"73199","","Afrika Bambaataa &amp; Soulsonic Force","","","Planet Rock: The Album","1986","7","o","",""
"8998702","","Against All Logic","","","2012 - 2017","2018","8","n","",""
"11090638","","Against All Logic","","","2017 - 2019","2020","7","n","",""
"2434317","Matias","Aguayo","","","Ay Ay Ay","2009","6","o","",""
"8603241","Jhené","Aiko","","","Trip","2017","7","n","",""
"1707","","AIR","","","10 000 Hz Legend","2001","6","o","",""
"410","","AIR","","","Moon Safari","1998","10","o","",""
"411","","AIR","","","Premiers symptômes","1999","8","o","",""
"87825","","AIR","","","Talkie Walkie","2004","7","o","",""
"415","","AIR","","","The Virgin Suicides","2000","7","o","",""
"1598412","","Air France","","","No Way Down","2008","8","o","",""
"138856","","Airto","","","Fingers","1973","0","w","","CD"
"4701","The","Aislers Set","","","Terrible Things Happen","1998","9","n","",""
"25578","","Akufen","","","My Way","2002","6","o","",""
"776199","","Alcest","","","Souvenirs d'un autre monde","2007","7","o","",""
"11546124","","Alexandria","","","Journey","2020","7","n","",""
"16319895","","alice protozoa smoke","","","Opulent Familiarity, Lotus Horizon","2025","7","n","",""
"10260","","Alien Sex Fiend","","","Curse","1990","4","o","",""
"149845","","Alison's Halo","","","Eyedazzler 1992-1996","1997","6","n","",""
"1541393","Tony","Allen","","","Lagos Shake: A Tony Allen Chop Up","2008","6","o","",""
"1672748","","All Girl Summer Fun Band","","","Looking Into It","2008","6","o","",""
"2564","The","Allman Brothers Band","","","At Fillmore East","1971","5","o","",""
"2833372","","Allo Darlin'","","","Allo Darlin'","2010","10","o","",""
"31832","The","Aloof","","","Sinking","1996","5","o","",""
"3015727","","ALTAR EAGLE","","","Mechanical Gardens","2010","7","o","",""
"33713","","Altered Images","","","Happy Birthday","1981","6","o","",""
"135760","","Alternative TV","","","The Image Has Cracked","1978","6","o","",""
"325592","","Alū","","","Infomercial Gasmask","2004","0","w","","CD"
"11770730","","Aluna","","","Renaissance","2020","7","n","",""
"8331982","","Alvvays","","","Antisocialites","2017","9","n","",""
"14818479","","Alvvays","","","Blue Rev","2022","8","n","",""
"194044","The","A.M","","","The A.M","2004","0","w","","CD"
"11253","","Ambitious Lovers","","","Greed","1988","7","o","",""
"11254","","Ambitious Lovers","","","Lust","1991","6","o","",""
"6193","","Amon Düül II","","","Yeti","1970","5","o","",""
"1358","Tori","Amos","","","Under the Pink","1994","6","o","",""
"11539125","Chouk Bwa","&amp; The Ångströmers","","","Vodou Alé","2020","8","n","",""
"25409","","And Also the Trees","","","Farewell to the Shade","1989","5","o","",""
"25411","","And Also the Trees","","","The Klaxon","1993","6","o","",""
"25408","","And Also the Trees","","","The Millpond Years","1988","6","o","",""
"25407","","And Also the Trees","","","Virus Meadow","1986","5","o","",""
"6265","Laurie","Anderson","","","Big Science","1982","6","o","",""
"2257875","","Anduin + Jasper TX","","","The Bending of Light","2009","3","u","",""
"6119","","...And You Will Know Us by the Trail of Dead","","","Source Tags &amp; Codes","2002","6","o","",""
"9646126","","Anemone","","","Beat My Distance","2019","10","n","",""
"583151","","Angry Angles","","","Apparent-Transparent","2006","7","o","",""
"583140","","Angry Angles","","","Crowds","2005","8","o","",""
"527815","","Angry Angles","","","Things Are Moving","2005","6","o","",""
"355297","","Animal Collective","","","Feels","2005","5","o","",""
"77648","","Animal Collective","","","Here Comes the Indian","2003","7","o","",""
"1848760","","Animal Collective","","","Merriweather Post Pavilion","2009","5","o","",""
"1019220","","Animal Collective","","","Strawberry Jam","2007","7","o","",""
"138739","","Animal Collective","","","Sung Tongs","2004","8","o","",""
"11736807","","Anjimile","","","Giver Taker","2020","6","n","",""
"5380","The","Anniversary","","","Your Majesty","2002","6","o","",""
"6252630","","ANOHNI","","","Hopelessness","2016","6","n","",""
"216550","","ANOHNI and The Johnsons","","","I Am a Bird Now","2005","6","o","",""
"130015","","Another Sunny Day","","","London Weekend","1992","8","o","",""
"74752","Adam","Ant","","","Antics in the Forbidden Zone","1990","7","o","",""
"24451","Adam","Ant","","","Friend or Foe","1982","8","o","",""
"15072","Adam","Ant","","","Wonderful","1995","6","n","",""
"108451","","Antibalas Afrobeat Orchestra","","","Liberation Afro Beat Vol. 1","2001","7","o","",""
"9550","","Aphex Twin","","","Come to Daddy","1997","5","o","",""
"5053","","Aphex Twin","","","Richard D. James Album","1996","6","o","",""
"2590","","Aphex Twin","","","Selected Ambient Works 85-92","1992","9","o","",""
"11245349","Fiona","Apple","","","Fetch the Bolt Cutters","2020","8","n","",""
"3905558","Fiona","Apple","","","The Idler Wheel Is Wiser Than the Driver of the Screw and Whipping Cords Will Serve You More Than Ropes Will Ever Do","2012","8","n","",""
"216","Fiona","Apple","","","Tidal","1996","8","n","",""
"217","Fiona","Apple","","","When the Pawn","1999","9","n","",""
"366","The","Apples in Stereo","","","Science Faire","1996","7","o","",""
"23268","The","Apples in Stereo","","","Velocity of Sound","2002","5","o","",""
"65913","","Appliance","","","Are You Earthed?","2002","5","o","",""
"166849","","Arcade Fire","","","Arcade Fire","2003","6","o","",""
"185644","","Arcade Fire","","","Funeral","2004","8","o","",""
"734252","","Arcade Fire","","","Neon Bible","2007","6","o","",""
"11057887","Wilma","Archer","","","A Western Circular","2020","8","n","",""
"429","","Archers of Loaf","","","Icky Mettle","1993","5","n","",""
"242331","","Architecture in Helsinki","","","In Case We Die","2005","6","o","",""
"13599","","Archive","","","Londinium","1996","8","o","",""
"34638","","Arcwelder","","","Entropy","1996","6","o","",""
"51357","","Arcwelder","","","Xerxes","1994","5","o","",""
"1704","","A.R. Kane","","","&#34;i&#34;","1989","8","o","",""
"11395107","","Armand Hammer","","","Shrines","2020","7","n","",""
"146999","Dorothy","Ashby","","","Afro-Harping","1968","7","o","",""
"1712386","","Ask for Joy","","","Endless Space Unfuried","2007","7","o","",""
"553823","Rubinho e Mauro","Assumpção","","","Perfeitamente, justamente quando cheguei","1972","7","o","",""
"1806279","","Atlas Sound","","","Logos","2009","7","o","",""
"11851630","","Atropolis","","","Time of Sine","2020","8","n","",""
"442","","At the Drive-In","","","Relationship of Command","2000","9","o","",""
"100882","","Aus-Rotten","","","Not One Single Fucking Hit","1997","6","o","",""
"3841","","Autechre","","","Confield","2001","6","o","",""
"2697120","","Autechre","","","Oversteps","2010","7","o","",""
"125809","","Autechre","","","Tri repetae","1995","6","o","",""
"2611","The","Avalanches","","","Since I Left You","2000","8","o","",""
"1703079","","Avanço 5","","","Somos Jovens","1968","7","o","",""
"164787","","Ave Sangria","","","Ave Sangria","1974","6","o","",""
"38235","David","Axelrod","","","Song of Innocence","1968","8","o","",""
"339706","Albert","Ayler Quartet","","","Ghosts","1965","6","o","",""
"2955","","Aztec Camera","","","High Land, Hard Rain","1983","8","o","",""
"184135","","Azymuth","","","Crazy Rhythm","1987","0","w","","CD"
"460","The","B-52's","","","The B-52's","1979","7","o","",""
"21882","","Baby Bird","","","I Was Born a Man","1995","7","o","",""
"139576","Angelo","Badalamenti","","","L'adversaire","2002","6","o","",""
"14719","","Bad Brains","","","Bad Brains","1982","8","o","",""
"445","","Badly Drawn Boy","","","The Hour of Bewilderbeast","2000","8","o","",""
"11971814","","Bad Stream","","","Sonic Healing","2020","6","n","",""
"694705","Selda","Bağcan","","","Selda","1976","7","n","",""
"551355","Paulo","Bagunça e a Tropa Maldita","","","Paulo Bagunça e a Tropa Maldita","1973","8","o","",""
"9417149","","Balún","","","Prisma tropical","2018","6","n","",""
"499","The","Band","","","Music From Big Pink","1968","8","o","",""
"218","The","Band","","","The Band","1969","7","o","",""
"73519","The","Band","","","The Last Waltz","1984","7","w","","CD"
"54161","Devendra","Banhart","","","Oh Me Oh My...The Way the Day Goes by the Sun Is Setting Dogs Are Dreaming Lovesongs of the Christmas Spirit","2002","3","u","","CD"
"130078","Devendra","Banhart","","","Rejoicing in the Hands","2004","5","o","",""
"2386871","","Banner Pilot","","","Collapser","2009","4","o","",""
"60841","Arnaldo","Baptista","","","Loki?","1975","8","n","",""
"683","Brigitte","Bardot et Serge Gainsbourg","","","Bonnie and Clyde","1968","7","o","",""
"3316","","Bark Psychosis","","","Hex","1994","7","n","",""
"12190","The","Barracudas","","","Drop Out With The Barracudas","1982","7","o","",""
"9672","Syd","Barrett","","","Barrett","1970","8","o","",""
"9671","Syd","Barrett","","","The Madcap Laughs","1970","8","o","",""
"174949","Ray","Barretto","","","Acid","1968","8","o","",""
"3229811","Julianna","Barwick","","","The Magic Place","2011","7","o","",""
"5107888","","Basa Basa","","","Homowo: High Life Music","1983","8","n","",""
"5055","","Basement Jaxx","","","Remedy","1999","5","o","",""
"240914","William","Basinski","","","The Disintegration Loops","2002","7","o","",""
"285966","William","Basinski","","","The Disintegration Loops II","2003","6","o","",""
"285968","William","Basinski","","","The Disintegration Loops III","2003","6","o","",""
"285971","William","Basinski","","","The Disintegration Loops IV","2003","7","o","",""
"92983","","Bastro","","","Sing the Troubled Beast","1990","7","o","",""
"645684","","Bat for Lashes","","","Fur and Gold","2006","6","n","",""
"4046522","","Bat for Lashes","","","The Haunted Man","2012","7","n","",""
"2012448","","Bat for Lashes","","","Two Suns","2009","8","n","",""
"240568","The","Bats","","","By Night","1984","6","o","",""
"132394","The","Bats","","","Compiletely Bats","1989","6","o","",""
"496","","Bauhaus","","","In the Flat Field","1980","8","o","",""
"63","The","Beach Boys","","","Pet Sounds","1966","8","o","",""
"13346","The","Beach Boys","","","Smile","1989","8","o","",""
"5797","The","Beach Boys","","","Sunflower","1970","6","n","",""
"5480","The","Beach Boys","","","Surf's Up","1971","6","o","",""
"2766198","","Beach Fossils","","","Beach Fossils","2010","7","o","",""
"3274765","","Beach Fossils","","","What a Pleasure","2011","6","o","",""
"9061740","","Beach House","","","7","2018","6","n","",""
"637011","","Beach House","","","Beach House","2006","8","o","",""
"3888174","","Beach House","","","Bloom","2012","8","n","",""
"6499696","","Beach House","","","Depression Cherry","2015","7","n","",""
"1072581","","Beach House","","","Devotion","2008","9","o","",""
"13936005","","Beach House","","","Once Twice Melody","2022","8","n","",""
"2548617","","Beach House","","","Teen Dream","2010","8","o","",""
"6811601","","Beach House","","","Thank Your Lucky Stars","2015","9","n","",""
"2755908","","Beach House","","","Zebra / The Arrangement / Baby / 10 Mile Stereo (Cough Syrup Remix)","2010","6","o","",""
"516","","Beastie Boys","","","Check Your Head","1992","7","o","",""
"515","","Beastie Boys","","","Paul's Boutique","1989","7","o","",""
"865086","","Beastie Boys","","","The Mix-Up","2007","7","o","",""
"85578","","Beasts of Bourbon","","","The Axeman's Jazz","1990","0","w","","Wishlist"
"4722","The","Beat","","","I Just Can't Stop It","1980","6","o","",""
"39884","","Beat Happening","","","Beat Happening","1985","7","o","",""
"39885","","Beat Happening","","","Black Candy","1989","8","o","",""
"39886","","Beat Happening","","","Dreamy","1991","7","o","",""
"33314","","Beat Happening","","","Jamboree","1988","8","o","",""
"39888","","Beat Happening","","","Music to Climb the Apple Tree By","2003","8","o","",""
"33315","","Beat Happening","","","You Turn Me On","1992","8","o","",""
"12","The","Beatles","","","Abbey Road","1969","7","o","",""
"208","The","Beatles","","","A Hard Day's Night","1964","6","o","",""
"13","The","Beatles","","","Let It Be","1970","6","o","",""
"15","The","Beatles","","","Magical Mystery Tour","1967","6","o","",""
"206","The","Beatles","","","Revolver","1966","6","o","",""
"205","The","Beatles","","","Rubber Soul","1965","6","n","",""
"16","The","Beatles","","","Sgt. Peppers Lonely Hearts Club Band","1967","6","o","",""
"8","The","Beatles","","","The Beatles [White Album]","1968","7","o","",""
"553804","The","Beatniks","","","Complete Mocambo Singles","1968","6","o","",""
"1315704","","Beat the Devil","","","Beat the Devil","2006","6","o","",""
"370757","The","Beautiful Girls","","","We're Already Gone","2005","5","o","",""
"3807885","Francis","Bebey","","","African Electronic Music 1975-1982","2011","9","n","",""
"368","","Beck","","","Mellow Gold","1994","7","o","",""
"65","","Beck","","","Midnite Vultures","1999","8","o","",""
"1549566","","Beck","","","Modern Guilt","2008","7","o","",""
"370","","Beck","","","Mutations","1998","6","o","",""
"64","","Beck","","","Odelay","1996","8","o","",""
"369","","Beck","","","One Foot in the Grave","1994","7","o","",""
"20433","","Beck","","","Sea Change","2002","6","o","",""
"371","","Beck","","","Stereopathetic Soul Manure","1994","5","n","",""
"567020","","Beirut","","","Gulag Orkestar","2006","7","o","",""
"23787","Chris","Bell","","","I Am the Cosmos","1992","7","o","",""
"8920570","","Bell's Roar","","","We Carry Us","2018","6","n","",""
"80010","","Belle &amp; Sebastian","","","Dear Catastrophe Waitress","2003","6","o","",""
"68","","Belle &amp; Sebastian","","","The Boy With the Arab Strap","1998","7","o","",""
"67","","Belle and Sebastian","","","If You're Feeling Sinister","1996","7","o","",""
"287409","","Belle and Sebastian","","","Push Barman to Open Old Wounds","2005","7","o","",""
"379185","","Belle and Sebastian","","","The Life Pursuit","2006","6","o","",""
"66","","Belle and Sebastian","","","Tigermilk","1996","8","n","",""
"41462","Jorge","Ben","","","África Brasil","1976","10","o","",""
"41463","Jorge","Ben","","","A Tábua de Esmeralda","1974","10","o","",""
"87262","Jorge","Ben","","","Ben é samba bom","1964","6","o","",""
"71407","Jorge","Ben","","","Fôrça bruta","1970","7","o","",""
"144101","Jorge","Ben","","","Jorge Ben","1969","7","o","",""
"317668","Jorge","Ben","","","Negro é lindo","1971","7","o","",""
"87263","Jorge","Ben","","","Sacundin Ben samba","1964","6","o","",""
"10797","Jorge","Ben","","","Samba esquema novo","1963","7","o","",""
"232545","Jorge","Ben","","","Solta o pavão","1975","9","n","",""
"79006","","Berliner Philharmoniker / Herbert von Karajan","","","9 Symphonien","1963","7","n","",""
"19983","The","Berlin Philharmonic Orchestra / Herbert von Karajan","","","2001: A Space Odyssey","1968","6","o","",""
"16710","Chuck","Berry","","","The Great Twenty-Eight","1982","8","o","",""
"454","The","Beta Band","","","The Three E.P.'s","1998","7","o","",""
"489560","Maria","Bethânia","","","Recital na boite Barroco","1968","7","o","",""
"14789080","The","Beths","","","Expert in a Dying Field","2022","10","n","",""
"9238865","The","Beths","","","Future Me Hates Me","2018","10","n","",""
"11339730","The","Beths","","","Jump Rope Gazers","2020","8","n","",""
"16538930","The","Beths","","","Straight Line Was a Lie","2025","9","n","",""
"8153168","The","Beths","","","Warm Blood","2016","9","n","",""
"2991644","","Betty and The Werewolves","","","Tea Time Favourites","2010","8","n","",""
"9790","","Beulah","","","The Coast Is Never Clear","2001","7","o","",""
"9789","","Beulah","","","When Your Heartstrings Break","1999","8","o","",""
"65443","","Beulah","","","Yoko","2003","9","o","",""
"14786957","","Beyoncé","","","Renaissance","2022","8","n","",""
"525276","","BFG","","","Fathoms","1988","8","o","",""
"2256202","","Bibio","","","Ambivalence Avenue","2009","8","o","",""
"490744","","Bibio","","","Hand Cranked","2006","6","o","",""
"3294674","","Bibio","","","Mind Bokeh","2011","5","o","",""
"2529189","","Bibio","","","The Apple and the Tooth","2009","6","o","",""
"1778969","","Bibio","","","Vignetting the Compost","2009","7","o","",""
"15189","","Big Black","","","Atomizer","1986","7","o","",""
"11677","","Big Black","","","Songs About Fucking","1987","7","o","",""
"3180","","Big Brother &amp; The Holding Company","","","Cheap Thrills","1968","5","o","",""
"10351","","Big Country","","","The Crossing","1983","6","o","",""
"1791","","Big Star","","","#1 Record","1972","8","o","",""
"584566","","Big Star","","","3rd","1978","8","o","",""
"1792","","Big Star","","","Radio City","1974","7","o","",""
"1793","","Big Star","","","Third / Sister Lovers","1992","8","o","",""
"8188260","","Big Thief","","","Capacity","2017","8","n","",""
"13799017","","Big Thief","","","Dragon New Warm Mountain I Believe in You","2022","9","n","",""
"7216269","","Big Thief","","","Masterpiece","2016","8","n","",""
"10547136","","Big Thief","","","Two Hands","2019","8","n","",""
"10049230","","Big Thief","","","U.F.O.F.","2019","7","n","",""
"1170","","Bikini Kill","","","Pussy Whipped","1993","8","n","",""
"131156","","Billy Mahonie","","","Come On Billy Mahonie Give It Your Best Shot","1999","7","o","",""
"18862","","Biosphere","","","Microgravity","1991","6","o","",""
"230545","Andrew","Bird","","","Andrew Bird &amp; The Mysterious Production of Eggs","2005","6","o","",""
"684","Jane","Birkin et Serge Gainsbourg","","","Jane Birkin et Serge Gainsbourg","1969","8","o","",""
"13555","The","Birthday Party","","","Junkyard","1982","6","o","",""
"13556","The","Birthday Party","","","Prayers on Fire","1981","7","o","",""
"798521","Sir Richard","Bishop","","","All Strung Out","2007","6","o","",""
"122191","","Bitch Magnet","","","Star Booty","1988","6","o","",""
"92985","","Bitch Magnet","","","Umber","1989","7","o","",""
"348937","The","Bitter Springs","","","Benny Hill's Wardrobe","1999","0","w","","Wishlist"
"879","","Björk","","","Debut","1993","7","o","",""
"882","","Björk","","","Homogenic","1997","6","o","",""
"880","","Björk","","","Post","1995","7","o","",""
"2438","","Björk","","","Vespertine","2001","7","o","",""
"17167538","Rebecca","Black","","","Age of the Exhibitionist","2026","7","n","",""
"13801985","","Black Country, New Road","","","Ants From Up There","2022","6","n","",""
"53584","","Black Eyes","","","Black Eyes","2003","7","o","",""
"2137","","Black Flag","","","Damaged","1981","8","o","",""
"23109","","Black Flag","","","Everything Went Black","1983","6","o","",""
"14631","The","Black Heart Procession","","","1","1998","7","o","",""
"14632","The","Black Heart Procession","","","2","1999","6","o","",""
"1978046","","Black Lips","","","200 Million Thousand","2009","6","o","",""
"723237","","Black Moth Super Rainbow","","","Dandelion Gum","2007","7","o","",""
"424432","","Black Moth Super Rainbow","","","Lost, Picking Flowers in the Woods","2005","6","o","",""
"2621791","","Black Rebel Motorcycle Club","","","Beat the Devil's Tattoo","2010","6","o","",""
"2157","","Black Sabbath","","","Black Sabbath","1970","7","o","",""
"7660","","Black Sabbath","","","Black Sabbath Vol. 4","1972","6","o","",""
"2277","","Black Sabbath","","","Master of Reality","1971","7","o","",""
"2276","","Black Sabbath","","","Paranoid","1970","8","o","",""
"5037","","Black Sabbath","","","Sabbath Bloody Sabbath","1973","7","o","",""
"2278","","Black Sabbath","","","Sabotage","1975","6","o","",""
"78164","","Black Star","","","Mos Def &amp; Talib Kweli Are Black Star","1998","7","o","",""
"39894","","Black Tambourine","","","Complete Recordings","1999","10","o","",""
"15724","","Black Uhuru","","","Sinsemilla","1980","7","o","",""
"449777","Art","Blakey's Jazz Messengers","","","A Night in Tunisia","1958","8","n","",""
"84315","Art","Blakey &amp; The Jazz Messengers","","","Free for All","1965","9","n","",""
"91173","Art","Blakey &amp; The Jazz Messengers","","","Mosaic","1962","8","n","",""
"11692","Art","Blakey and The Jazz Messengers","","","Art Blakey and The Jazz Messengers [Moanin']","1959","9","n","",""
"683572","","Blancmange","","","Irene &amp; Mavis","1980","8","o","",""
"57866","","Blanket Music","","","Move","2002","6","o","",""
"5389","","Blind Faith","","","Blind Faith","1969","5","o","",""
"74837","","Blind Idiot God","","","Blind Idiot God","1987","6","o","",""
"2850253","","Blithe Field","","","Beautiful Wave '74","2010","5","o","",""
"895","","Blondie","","","Parallel Lines","1978","7","o","",""
"7332669","","Blood Orange","","","Freetown Sound","2016","9","n","",""
"9413241","","Blood Orange","","","Negro Swan","2018","5","n","",""
"15527","Mike","Bloomfield / Al Kooper / Steve Stills","","","Super Session","1968","4","o","",""
"11569200","Jake","Blount","","","Spider Tales","2020","7","n","",""
"553791","","Blow Up","","","Blow Up","1971","6","o","",""
"11526387","","Blu &amp; Exile","","","Miles","2020","5","n","",""
"130716","","Blueboy","","","If Wishes Were Horses","1992","0","w","","CD"
"76830","","Blueboy","","","The Bank of England","1998","8","o","",""
"11697","The","Blue Nile","","","Hats","1989","4","o","",""
"332","","Blur","","","Blur","1997","6","o","",""
"330","","Blur","","","Parklife","1994","6","o","",""
"5687","","Boards of Canada","","","Geogaddi","2002","9","o","",""
"2591","","Boards of Canada","","","Music Has the Right to Children","1998","10","o","",""
"358836","","Boards of Canada","","","The Campfire Headphase","2005","8","o","",""
"10347729","","Bodywash","","","Comforter","2019","7","n","",""
"4168662","","Bomba Estéreo","","","Elegancia tropical","2012","8","n","",""
"9143047","Kadhja","Bonet","","","Childqueen","2018","7","n","",""
"176448","Luiz","Bonfá","","","Introspection","1972","0","w","","CD"
"61836","The","Bongos","","","Drums Along the Hudson","1982","0","w","","CD"
"1060497","","Bon Iver","","","For Emma, Forever Ago","2007","6","o","",""
"77392","Simon","Bonney","","","Forever","1992","9","o","",""
"2647","","Bonnie 'Prince' Billy","","","I See a Darkness","1999","9","o","",""
"1511611","","Bonnie 'Prince' Billy","","","Lie Down in the Light","2008","6","n","",""
"597769","","Bonnie 'Prince' Billy","","","The Letting Go","2006","7","o","",""
"15192","","Booker T. &amp; The M.G.'s","","","Hip Hug-Her","1967","6","o","",""
"243732","The","Books","","","Lost and Safe","2005","5","o","",""
"474","The","Boo Radleys","","","Giant Steps","1993","7","o","",""
"727793","Gui","Boratto","","","Chromophobia","2007","8","n","",""
"2039553","Gui","Boratto","","","Take My Breath Away","2009","6","o","",""
"448113","","Boris","","","Pink","2005","7","o","",""
"1142027","","Born Ruffians","","","Red Yellow &amp; Blue","2008","6","o","",""
"2357374","","Bottin","","","Horror Disco","2009","6","o","",""
"626","","Bowie","","","Diamond Dogs","1974","5","o","",""
"630","David","Bowie","","","&#34;Heroes&#34;","1977","8","o","",""
"624","David","Bowie","","","Aladdin Sane","1973","7","o","",""
"6853748","David","Bowie","","","★ [Blackstar]","2016","7","n","",""
"622","David","Bowie","","","Hunky Dory","1971","9","o","",""
"631","David","Bowie","","","Lodger","1979","8","o","",""
"629","David","Bowie","","","Low","1977","10","o","",""
"625","David","Bowie","","","Pinups","1973","5","o","",""
"632","David","Bowie","","","Scary Monsters","1980","8","o","",""
"628","David","Bowie","","","Station to Station","1976","7","o","",""
"621","David","Bowie","","","The Man Who Sold the World","1971","0","o","",""
"623","David","Bowie","","","The Rise and Fall of Ziggy Stardust and The Spiders From Mars","1972","8","o","",""
"25066","","Bow Wow Wow","","","See Jungle! See Jungle! Go Join Your Gang Yeah, City All Over! Go Ape Crazy!","1981","0","w","","CD"
"2280330","","Box Elders","","","Alice and Friends","2009","7","o","",""
"15091084","","boygenius","","","the record","2023","8","n","",""
"91698","The","Boys Next Door","","","The Birthday Party","1980","6","o","",""
"3487","Billy","Bragg","","","Talking With the Taxman About Poetry","1986","6","o","",""
"10508","Billy","Bragg","","","Workers Playtime","1988","8","o","",""
"2690","Billy","Bragg &amp; Wilco","","","Mermaid Avenue","1998","7","o","","Cassette"
"93930","","Branca","","","Symphony No. 1 (Tonal Plexus)","1983","7","o","",""
"23310","Glenn","Branca","","","The Ascension","1981","10","o","",""
"11670610","Alan","Braufman","","","The Fire Still Burns","2020","7","n","",""
"3255198","","Brave Irene","","","Brave Irene","2011","8","n","",""
"156574","Os","Brazões","","","Os Brazões","1969","7","o","",""
"2769733","","Breakbot","","","Baby I'm Yours","2010","5","o","",""
"900","The","Breeders","","","Last Splash","1993","7","o","",""
"899","The","Breeders","","","Pod","1990","7","o","",""
"161118","","Brel","","","Infiniment","2003","7","o","",""
"134983","Jacques","Brel","","","Jacques Brel","1962","0","w","","CD"
"197910","","Brian","","","Understand","1992","7","o","",""
"267142","The","Brian Jonestown Massacre","","","Peel Sessions 1998","","7","o","",""
"16723","The","Brian Jonestown Massacre","","","Strung Out in Heaven","1998","7","o","",""
"16721","The","Brian Jonestown Massacre","","","Take It From the Man!","2006","9","o","",""
"16719","The","Brian Jonestown Massacre","","","Their Satanic Majesties' Second Request","1996","8","o","",""
"221739","The","Brian Jonestown Massacre","","","Your Side of Our Story","2003","6","o","",""
"17141835","Phoebe","Bridgers","","","Lost Weekend","2026","6","n","",""
"11343986","Phoebe","Bridgers","","","Punisher","2020","7","n","",""
"316310","George","Brigman","","","Jungle Rot","1975","7","o","",""
"477173","Aril","Brikha","","","Deeparture in Time","1999","6","o","",""
"1264","","Brinsley Schwarz","","","Nervous on the Road","1972","0","w","","CD"
"245779","","British Sea Power","","","Open Season","2005","7","o","",""
"58788","","British Sea Power","","","The Decline of British Sea Power","2003","8","o","",""
"76631","","Britta Phillips &amp; Dean Wareham","","","L'Avventura","2003","7","o","",""
"72327","","Broadcast","","","Haha Sound","2003","10","o","",""
"341973","","Broadcast","","","Tender Buttons","2005","10","o","",""
"53","","Broadcast","","","The Noise Made by People","2000","10","o","",""
"54","","Broadcast","","","Work and Non Work","1997","9","o","",""
"173723","","Broken Social Scene","","","Broken Social Scene","2005","6","o","",""
"76172","","Broken Social Scene","","","Feel Good Lost","2001","6","o","",""
"2762343","","Broken Social Scene","","","Forgiveness Rock Record","2010","4","o","",""
"42034","","Broken Social Scene","","","You Forgot It in People","2002","8","o","",""
"1349415","","Broken Social Scene Presents: Brendan Canning","","","Something for All of Us...","2008","6","o","",""
"257922","Alison","Brown","","","Simple Pleasures","1990","6","o","",""
"7548871","Danny","Brown","","","Atrocity Exhibition","2016","7","n","",""
"11878","James","Brown","","","'Live' at the Apollo","1963","7","o","",""
"11877","James","Brown","","","Hot Pants","1971","0","w","","CD"
"2135","The Dave","Brubeck Quartet","","","Time Out","1959","8","n","",""
"19257","Jack","Bruce","","","Songs for a Tailor","1969","0","o","",""
"46943","Chico","Buarque","","","Chico Buarque","1984","0","w","","CD"
"168894","Chico","Buarque","","","Chico Buarque","1978","0","w","","Wishlist"
"9386","Chico","Buarque","","","Construção","1971","10","o","",""
"19292","Chico","Buarque","","","Meus caros amigos","1976","0","w","","CD"
"351876","Chico","Buarque","","","Umas e Outras","1968","7","o","",""
"10802","Chico","Buarque","","","Vida","1980","6","o","",""
"176622","Chico","Buarque de Hollanda","","","N° 4","1970","0","w","","CD"
"173829","Chico","Buarque de Hollanda","","","Volume 3","1968","0","w","","CD"
"902","Jeff","Buckley","","","Grace","1994","9","o","",""
"76795","Jeff","Buckley","","","Live at Sin-é: Legacy Edition","2003","8","o","",""
"194589","Jeff","Buckley","","","Live in New York","1992","6","o","",""
"904","Jeff","Buckley","","","Sketches for My Sweetheart the Drunk","1998","8","o","",""
"8334","Tim","Buckley","","","Blue Afternoon","1969","8","o","",""
"8514","Tim","Buckley","","","Dream Letter: Live in London 1968","1990","9","o","",""
"8333","Tim","Buckley","","","Goodbye and Hello","1967","8","o","",""
"8511","Tim","Buckley","","","Greetings From L.A.","1972","5","o","",""
"8335","Tim","Buckley","","","Happy Sad","1969","8","o","",""
"8510","Tim","Buckley","","","Lorca","1970","7","o","",""
"8508","Tim","Buckley","","","Starsailor","1970","8","o","",""
"661663","Harold","Budd, Elizabeth Fraser, Robin Guthrie &amp; Simon Raymonde","","","The Moon and the Melodies","1986","7","n","",""
"3016","","Buena Vista Social Club","","","Buena Vista Social Club","1997","0","o","",""
"7809","","Buffalo Springfield","","","Buffalo Springfield","1966","9","o","",""
"2733","","Buffalo Springfield","","","Buffalo Springfield Again","1967","8","o","",""
"6919374","El","Búho","","","Cenotes","2015","8","n","",""
"2613","","Built to Spill","","","Ancient Melodies of the Future","2001","7","o","",""
"93940","","Built to Spill","","","Carry the Zero","1999","0","w","",""
"2614","","Built to Spill","","","Keep It Like a Secret","1999","10","o","",""
"2719","","Built to Spill","","","Live","2000","8","o","",""
"2615","","Built to Spill","","","Perfect From Now On","1997","10","o","",""
"2616","","Built to Spill","","","There's Nothing Wrong With Love","1994","9","o","",""
"2088993","","Built to Spill","","","There Is No Enemy","2009","6","o","",""
"9077","","Built to Spill","","","Ultimate Alternative Wavers","1993","0","w","",""
"462002","","Built to Spill","","","You in Reverse","2006","7","o","",""
"61875","Sandy","Bull","","","Fantasias for Guitar and Banjo","1963","0","w","","CD"
"6970685","","Bullion","","","Loop the Loop","2016","6","n","",""
"11623836","","Bully","","","SUGAREGG","2020","7","n","",""
"44602","Vashti","Bunyan","","","Just Another Diamond Day","1970","7","o","",""
"11036414","Anna","Burch","","","If You're Dreaming","2020","7","n","",""
"8802856","Anna","Burch","","","Quit the Curse","2018","8","n","",""
"2228168","","Burial + Four Tet","","","Moth / Wolf Cub","2009","8","o","",""
"91128","Solomon","Burke","","","The Very Best of Solomon Burke","1998","8","o","",""
"34447","","Burning Spear","","","Marcus Garvey","1975","7","o","",""
"11244171","","Buscabulla","","","Regresa","2020","9","n","",""
"3137","Kate","Bush","","","Hounds of Love","1985","7","o","",""
"3136","Kate","Bush","","","The Dreaming","1982","5","n","",""
"3133","Kate","Bush","","","The Kick Inside","1978","6","o","",""
"3141","Kate","Bush","","","The Red Shoes","1993","0","o","",""
"9902148","","Business of Dreams","","","Ripe for Anarchy","2019","7","n","",""
"12033232","","Butcher Brown","","","#KingButch","2020","7","n","",""
"33190","The","Butterfield Blues Band","","","East-West","1966","6","o","",""
"334793","The","Buttons","","","The Buttons","1970","6","o","",""
"907","","Buzzcocks","","","Another Music in a Different Kitchen","1978","7","o","",""
"912","","Buzzcocks","","","Singles Going Steady","1979","10","o","",""
"9860","","Buzzcocks","","","Spiral Scratch","1977","7","n","",""
"42640","Donald","Byrd","","","Byrd in Hand","1960","6","o","",""
"4554","The","Byrds","","","Fifth Dimension","1966","7","o","",""
"12110","The","Byrds","","","Live at the Fillmore - February 1969","2000","7","o","",""
"2162","The","Byrds","","","Mr. Tambourine Man","1965","8","o","",""
"10498","The","Byrds","","","Sweetheart of the Rodeo","1968","9","o","",""
"14281","The","Byrds","","","The Byrds","1990","7","o","",""
"10354","The","Byrds","","","The Notorious Byrd Brothers","1968","8","o","",""
"7749","The","Byrds","","","Turn! Turn! Turn!","1965","7","o","",""
"10496","The","Byrds","","","(Untitled)","1970","7","o","",""
"11264","The","Byrds","","","Younger Than Yesterday","1967","7","o","",""
"3537","David","Byrne","","","Uh-Oh","1992","0","o","",""
"8545","John","Cale","","","Fear","1974","6","o","",""
"93156","John","Cale","","","HoboSapiens","2003","6","o","",""
"8551","John","Cale","","","Music for a New Society","1982","7","o","",""
"8544","John","Cale","","","Paris 1919","1973","7","o","",""
"8542","John","Cale &amp; Terry Riley","","","Church of Anthrax","1971","9","o","",""
"17691","John","Cale / Bob Neuwirth","","","Last Day on Earth","1994","0","o","",""
"2618","","Calexico","","","The Black Light","1998","7","o","",""
"16923","","Califone","","","Califone","1998","6","o","",""
"14626","","Califone","","","Sometimes Good Weather Follows Bad People","2002","8","o","",""
"24460","The","Call","","","Reconciled","1986","6","o","",""
"3324278","Bill","Callahan","","","Apocalypse","2011","7","o","",""
"11682549","Bill","Callahan","","","Gold Record","2020","8","n","",""
"10243487","Bill","Callahan","","","Shepherd in a Sheepskin Vest","2019","9","n","",""
"1988234","Bill","Callahan","","","Sometimes I Wish We Were an Eagle","2009","8","o","",""
"734668","Bill","Callahan","","","Woke on a Whaleheart","2007","7","o","",""
"65245","","Cameo","","","Cardiac Arrest","1977","7","o","",""
"13853","","Camera Obscura","","","Biggest Bluest Hi-Fi","2001","6","o","",""
"514389","","Camera Obscura","","","Let's Get Out of This Country","2006","7","o","",""
"552311","","Camera Obscura","","","Lloyd, I'm Ready to Be Heartbroken","2006","7","o","",""
"2072912","","Camera Obscura","","","My Maudlin Career","2009","9","o","",""
"9449765","","Campdogzz","","","In Rounds","2018","7","n","",""
"19897","","Camper Van Beethoven","","","Telephone Free Landslide Victory","1985","7","o","",""
"78166","","Camp Lo","","","Uptown Saturday Night","1997","8","o","",""
"231","","Can","","","Ege Bamyası","1972","9","o","",""
"5115","","Can","","","Future Days","1973","9","o","",""
"310460","","Can","","","Soon Over Babaluma","2005","0","w","","CD"
"6157","","Can","","","Soundtracks","1973","8","o","",""
"6156","","Can","","","Tago Mago","1971","8","o","",""
"6158","The","Can","","","Monster Movie","1970","7","o","",""
"11584479","","Candace","","","Ideal Corners","2020","6","n","",""
"4578738","","Candy Claws","","","Ceres &amp; Calypso in the Deep Time","2013","8","n","",""
"47813","The","Cannanes","","","Caveat Emptor","1991","5","o","",""
"34631","","caP'n Jazz","","","Analphabetapolothology","1998","8","n","",""
"1800","","Captain Beefheart &amp; His Magic Band","","","Trout Mask Replica","1969","4","o","",""
"8099","","Captain Beefheart &amp; The Magic Band","","","Lick My Decals Off, Baby","1970","4","o","",""
"4869","","Captain Beefheart and His Magic Band","","","Safe as Milk","1967","6","o","",""
"8109","","Captain Beefheart and The Magic Band","","","Doc at the Radar Station","1980","3","o","",""
"8108","","Captain Beefheart and The Magic Band","","","Shiny Beast (Bat Chain Puller)","1978","6","o","",""
"12096","","Caravan","","","Caravan","1969","6","o","",""
"10900913","","Caribou","","","Suddenly","2020","6","n","",""
"28550","","Carissa's Wierd","","","Songs About Leaving","2002","7","o","",""
"14920","","Carpenters","","","The Singles 1969-1973","1973","6","o","","LP"
"59872","James","Carr","","","You Got My Mind Messed Up","1967","8","o","",""
"1814","The","Cars","","","The Cars","1978","7","o","","LP"
"30235","Carlene","Carter","","","I Fell in Love","1990","0","o","",""
"2710064","Tom","Caruana","","","Wu-Tang Vs. The Beatles: Enter the Magical Mystery Chambers","2010","7","o","",""
"18666","Neko","Case","","","Blacklisted","2002","8","o","",""
"13568","Johnny","Cash","","","American III: Solitary Man","2000","8","o","",""
"27314","Johnny","Cash","","","American IV: The Man Comes Around","2002","6","o","",""
"10817","Johnny","Cash","","","American Recordings","1994","7","o","",""
"1795","Johnny","Cash","","","At Folsom Prison","1968","10","o","",""
"7997","Johnny","Cash","","","At San Quentin","1969","8","o","","LP"
"31645","Johnny","Cash","","","Bitter Tears: Ballads of the American Indian","1964","0","o","",""
"150782","Johnny","Cash","","","My Mother's Hymn Book","2004","6","o","",""
"44479","Johnny","Cash","","","The Fabulous Johnny Cash","1958","8","o","","LP"
"482","","Cast","","","All Change","1995","7","o","",""
"179623","","Castanets","","","Cathedral","2004","8","o","",""
"378681","","Castanets","","","First Light's Freeze","2005","6","o","",""
"4929","","Catherine Wheel","","","Chrome","1993","7","o","",""
"1815","","Catherine Wheel","","","Ferment","1992","8","o","",""
"9361","The","Catherine Wheel","","","Wishville","2000","5","o","",""
"2497311","","Cat Killer","","","Words to Remember","2009","6","o","",""
"946705","","Cat Power","","","Jukebox","2008","5","o","",""
"33","","Cat Power","","","Moon Pix","1998","8","o","",""
"391013","","Cat Power","","","The Greatest","2006","7","o","",""
"36013","","Cat Power","","","You Are Free","2003","7","o","",""
"11706001","","Cat Toren's Human Kind","","","Scintillating Beauty","2020","7","n","",""
"113593","Nick","Cave","","","The Secret Life of the Love Song / The Flesh Made Word","2000","4","o","",""
"164379","Nick","Cave &amp; The Bad Seeds","","","Abattoir Blues / The Lyre of Orpheus","2004","8","o","",""
"254670","Nick","Cave &amp; The Bad Seeds","","","B-Sides &amp; Rarities","2005","7","o","",""
"85","Nick","Cave &amp; The Bad Seeds","","","Henry's Dream","1992","6","o","",""
"645505","Nick","Cave &amp; The Bad Seeds","","","Kicking Against the Pricks","1986","7","o","",""
"86","Nick","Cave &amp; The Bad Seeds","","","Live Seeds","1993","7","o","",""
"120229","Nick","Cave &amp; The Bad Seeds","","","The Best of Nick Cave &amp; The Bad Seeds","1998","7","o","",""
"78","Nick","Cave &amp; The Bad Seeds","","","The Boatman's Call","1997","7","o","",""
"84","Nick","Cave &amp; The Bad Seeds","","","The Good Son","1990","7","o","",""
"645507","Nick","Cave &amp; The Bad Seeds","","","Your Funeral ... My Trial","1986","6","o","",""
"87","Nick","Cave and The Bad Seeds","","","Let Love In","1994","9","o","",""
"210","Nick","Cave and The Bad Seeds","","","Murder Ballads","1996","6","o","",""
"35794","Nick","Cave and The Bad Seeds","","","Nocturama","2003","5","o","",""
"1692","Nick","Cave and The Bad Seeds","","","No More Shall We Part","2001","6","o","",""
"83","Nick","Cave and The Bad Seeds","","","Tender Prey","1988","8","o","",""
"645503","Nick","Cave and The Bad Seeds","","","The Firstborn Is Dead","1985","7","o","",""
"79","Nick","Cave Featuring The Bad Seeds","","","From Her to Eternity","1984","7","o","",""
"113592","Nick","Cave, Mick Harvey and Ed Clayton-Jones","","","And the Ass Saw the Angel","1998","5","o","",""
"41482","","CCCP Fedeli alla Linea","","","Affinità-divergenze fra il compagno Togliatti e noi: Del conseguimento della maggiore età","1986","8","o","",""
"10352325","","Cehryl","","","Slow Motion","2019","8","n","",""
"24697","Gustavo","Cerati","","","Amor amarillo","1993","8","n","",""
"16879","Gustavo","Cerati","","","Bocanada","1999","8","n","",""
"11112","A","Certain Ratio","","","Sextet","1982","6","o","",""
"11113","A","Certain Ratio","","","To Each...","1981","5","o","",""
"2490133","","CFCF","","","Continent","2009","7","o","",""
"69704","The","Chamber Strings","","","Month of Sundays","2001","6","o","",""
"10453","The","Chameleons","","","Script of the Bridge","1983","10","o","",""
"6883","The","Chameleons","","","Strange Times","1986","8","o","",""
"79326","The","Chameleons","","","Strip","2000","6","o","",""
"40274","The","Chameleons","","","The Fan and the Bellows","1986","7","o","",""
"16227","The","Chameleons","","","What Does Anything Mean? Basically","1985","9","o","",""
"23829","The","Chameleons","","","Why Call It Anything?","2001","6","o","",""
"1447237","The","Chap","","","Mega Breakfast","2008","6","o","",""
"8868","","Chapterhouse","","","Whirlpool","1991","8","o","",""
"81367","Robert","Charlebois &amp; Louise Forestier","","","Robert Charlebois avec Louise Forestier","1968","8","o","",""
"37301","Ray","Charles","","","Modern Sounds in Country and Western Music","1962","8","o","","LP"
"1829092","","Charlie &amp; the Moonhearts","","","Thunderbeast","2008","6","n","",""
"15723703","","Charli xcx","","","Brat","2024","8","n","",""
"11332993","","Charli xcx","","","How I'm Feeling Now","2020","7","n","",""
"102234","The","Charlottes","","","LoveHappy","1989","5","o","",""
"102235","The","Charlottes","","","Things Come Apart","1991","9","o","",""
"4663867","","Chastity Belt","","","No Regerts","2013","7","n","",""
"167729","Rhys","Chatham","","","An Angel Moves Too Fast to See: Selected Works 1971-1989","2002","8","o","",""
"10261","","Cheap Trick","","","At Budokan","1979","6","o","","Cassette"
"15516","","Cheap Trick","","","Heaven Tonight","1978","8","o","",""
"8818","","Cheap Trick","","","In Color","1977","6","o","",""
"43187","Don","Cherry","","","&#34;mu&#34; First Part / &#34;mu&#34; Second Part","2001","0","w","","CD"
"143534","Don","Cherry","","","Eternal Rhythm","1969","7","o","",""
"17430","Vic","Chesnutt","","","The Salesman and Bernadette","1998","5","o","",""
"8968914","","CHEW","","","A Fine Accoutrement","2017","7","n","",""
"73878","","Chic","","","The Very Best of Chic","2000","0","w","","CD"
"169384","The","Child Readers","","","Dark Laughter","2003","5","o","",""
"12585","Alex","Chilton","","","Like Flies on Sherbert","1979","5","o","",""
"792230","","Chin Chin","","","Chin Chin","2007","5","o","",""
"8957","","Christian Death","","","Only Theatre of Pain","1982","6","o","",""
"17226","","Chrome","","","Alien Soundtracks","1977","6","o","",""
"727291","","Chrome","","","Half Machine Lip Moves","1979","7","o","",""
"538816","The","Chrysanthemums","","","Little Flecks of Foam Around Barking","1989","6","o","",""
"1621","The","Church","","","Starfish","1988","6","n","",""
"7543","","Cibo Matto","","","Viva! La Woman","1996","7","o","",""
"2515","","Cinerama","","","Disco Volante","2000","8","n","",""
"13869","","Cinerama","","","This Is Cinerama","2000","7","n","",""
"34732","The","Claim","","","Armstrong's Revenge &amp; Eleven Other Short Stories","1985","6","o","",""
"6356","","Clan of Xymox","","","Clan of Xymox","1985","8","o","",""
"12114","Gene","Clark","","","Echoes","1991","7","o","",""
"45363","Gene","Clark","","","Firebyrd","1984","4","o","",""
"45495","Gene","Clark","","","Gypsy Angel: The Gene Clark Demos 1983-1990","2001","6","o","",""
"17044","Gene","Clark","","","No Other","1974","7","o","",""
"12135","Gene","Clark","","","Roadmaster","1973","9","o","",""
"36087","Gene","Clark","","","This Byrd Has Flown","1995","6","o","",""
"27514","Gene","Clark","","","Two Sides to Every Story","1977","6","o","",""
"12116","Gene","Clark","","","White Light","1971","8","o","",""
"24833","Sonny","Clark","","","Cool Struttin'","1958","8","n","",""
"195015","Gene","Clark &amp; Carla Olson","","","So Rebellious a Lover","1987","6","o","",""
"236","The","Clash","","","London Calling","1979","9","o","",""
"372","The","Clash","","","The Clash","1977","8","n","",""
"28955","The","Clash","","","The Clash","1979","7","o","",""
"80720","","Classix Nouveaux","","","Night People","1981","6","o","",""
"9297884","","Clearance","","","At Your Leisure","2018","7","n","",""
"9915432","Shana","Cleveland","","","Night of the Worm Moon","2019","8","n","",""
"2294374","The","Clientele","","","Bonfires on the Heath","2009","6","o","",""
"7313","Jimmy","Cliff","","","The Harder They Come","1972","8","o","",""
"2619","","Clinic","","","Internal Wrangler","2000","7","o","",""
"381036","","Clipse","","","Hell Hath No Fury","2006","10","n","",""
"15923812","","Clipse","","","Let God Sort Em Out","2025","9","n","",""
"195854","","Cloudberry Jam","","","Providing the Atmosphere","1996","6","n","",""
"2118260","","Clues","","","Clues","2009","5","o","",""
"12625","","Cluster","","","Sowiesoso","1996","6","o","",""
"38232","","Cluster","","","Zuckerzeit","1975","8","o","",""
"5550","","Cockney Rebel","","","The Psychomodo","1974","0","w","",""
"1178","","Cocteau Twins","","","Blue Bell Knoll","1988","9","o","",""
"96518","","Cocteau Twins","","","Echoes in a Shallow Bay","1985","6","o","",""
"1180","","Cocteau Twins","","","Four-Calendar Café","1993","7","o","",""
"1173","","Cocteau Twins","","","Garlands","1982","7","o","",""
"1174","","Cocteau Twins","","","Head Over Heels","1983","8","o","",""
"1179","","Cocteau Twins","","","Heaven or Las Vegas","1990","10","o","",""
"1181","","Cocteau Twins","","","Milk &amp; Kisses","1996","5","o","",""
"1175","","Cocteau Twins","","","Treasure","1984","9","o","",""
"1176","","Cocteau Twins","","","Victorialand","1986","8","o","",""
"33232","","Codeine","","","Frigid Stars LP","1990","7","o","",""
"3128","Leonard","Cohen","","","I'm Your Man","1988","6","o","",""
"3124","Leonard","Cohen","","","New Skin for the Old Ceremony","1974","7","o","",""
"3121","Leonard","Cohen","","","Songs From a Room","1969","0","w","","CD"
"3120","Leonard","Cohen","","","Songs of Leonard Cohen","1967","8","o","",""
"3122","Leonard","Cohen","","","Songs of Love and Hate","1971","8","o","",""
"2996551","Tim","Cohen","","","Laugh Tracks","2010","7","o","",""
"3303629","Tim","Cohen","","","Magic Trick","2011","6","o","",""
"2406296","Tim","Cohen","","","The Two Sides of Tim Cohen","2009","8","o","",""
"306196","","Cola Jet Set","","","Contando historias","2004","7","o","",""
"8195943","","Cold Beat","","","Chaos by Invitation","2017","7","n","",""
"6605812","","Cold Beat","","","Into the Air","2015","9","n","",""
"11019752","","Cold Beat","","","Mother","2020","8","n","",""
"5448662","","Cold Beat","","","Over Me","2014","8","n","",""
"13346115","","Cold Beat","","","War Garden","2021","8","n","",""
"2937","Lloyd","Cole and The Commotions","","","Rattlesnakes","1984","7","o","",""
"11218","Ornette","Coleman","","","The Shape of Jazz to Come","1959","7","n","",""
"32845","The","Colourfield","","","Deception","1987","6","o","",""
"9259596","","Colour Me Wednesday","","","Counting Pennies in the Afterlife","2018","7","n","",""
"63013","Alice","Coltrane","","","Ptah, the el Daoud","1970","6","o","",""
"40456","Alice","Coltrane","","","Universal Consciousness","1971","5","o","",""
"10702","John","Coltrane","","","A Love Supreme","1965","9","o","",""
"3429","John","Coltrane","","","Ascension [Edition I]","1966","6","o","",""
"1414337","John","Coltrane","","","Ascension [Edition II]","1966","7","n","",""
"6116","John","Coltrane","","","Blue Train","1958","8","n","",""
"10701","John","Coltrane","","","Giant Steps","1960","7","n","",""
"10874","John","Coltrane","","","Meditations","1966","6","n","",""
"11392","John","Coltrane","","","My Favorite Things","1961","9","o","",""
"14705","John","Coltrane","","","Olé Coltrane","1961","8","o","",""
"14706","John","Coltrane","","","Sun Ship","1971","7","n","",""
"14798","Alice","Coltrane featuring Pharoah Sanders","","","Journey in Satchidananda","1971","6","o","",""
"20846","John","Coltrane Quartet","","","Crescent","1964","8","n","",""
"64354","The John","Coltrane Quartet","","","Africa / Brass","1961","9","n","",""
"24943","The John","Coltrane Quartette","","","Coltrane","1962","8","n","",""
"2955522","","Coma Cinema","","","Stoned Alone","2010","6","o","",""
"66827","The","Comsat Angels","","","Waiting for a Miracle","1980","7","o","",""
"2971213","","Com Truise","","","Cyanide Sisters","2010","8","o","",""
"4052","","Comus","","","First Utterance","1971","0","w","","CD"
"171099","The","Conet Project","","","Recordings of Shortwave Numbers Stations","1997","0","o","",""
"49398","The","Congos","","","Heart of The Congos","1977","7","o","",""
"17243","","Contortions","","","Buy","1979","7","o","",""
"27871","","Contortions / Teenage Jesus and The Jerks / Mars / D.N.A.","","","No New York","1978","9","o","",""
"718037","","Convextion","","","Convextion","2006","5","o","",""
"338884","Dane","Cook","","","Retaliation","2005","4","o","",""
"8920906","Hollie","Cook","","","Vessel of Love","2018","9","n","",""
"29773","Sam","Cooke","","","Live at the Harlem Square Club, 1963","1985","7","o","",""
"30111","Sam","Cooke","","","Night Beat","1963","8","o","",""
"100405","Sam","Cooke","","","Portrait of a Legend: 1951-1964","2003","8","o","",""
"566","Julian","Cope","","","Fried","1984","8","o","",""
"570","Julian","Cope","","","Jehovahkill","1992","6","o","",""
"294035","Araci","Côrtes &amp; Clementina de Jesus","","","Rosa de ouro","1965","0","w","","CD"
"85557","Gal","Costa","","","Gal","1969","9","o","",""
"85556","Gal","Costa","","","Gal Costa","1969","8","o","",""
"37580","Gal","Costa","","","Índia","1973","7","o","",""
"577","Elvis","Costello","","","My Aim Is True","1977","9","o","",""
"578","Elvis","Costello","","","This Year's Model","1978","9","o","",""
"581","Elvis","Costello &amp; The Attractions","","","Trust","1981","6","o","",""
"579","Elvis","Costello and The Attractions","","","Armed Forces","1979","8","o","",""
"587","Elvis","Costello and The Attractions","","","Blood &amp; Chocolate","1986","8","o","",""
"580","Elvis","Costello and The Attractions","","","Get Happy!!","1980","9","o","",""
"583","Elvis","Costello and The Attractions","","","Imperial Bedroom","1982","7","o","",""
"586","The","Costello Show (Featuring Elvis Costello)","","","King of America","1986","7","o","",""
"88452","Elizabeth","Cotten","","","Freight Train and Other North Carolina Folk Songs and Tunes","1989","7","o","",""
"673031","Cathal","Coughlan","","","Foburg","2006","6","o","",""
"11782","","Country Joe &amp; The Fish","","","Electric Music for the Mind and Body","1967","7","o","",""
"3527","","Cowboy Junkies","","","The Trinity Session","1988","4","o","",""
"26057","Kevin","Coyne","","","Marjory Razorblade","1973","7","o","",""
"12569","Carl","Craig","","","More Songs About Food and Revolutionary Art","1997","6","o","",""
"12965","The","Cramps","","","Psychedelic Jungle","1981","7","o","",""
"14002","The","Cramps","","","Songs the Lord Taught Us","1980","7","o","",""
"1677","The","Cranberries","","","Everybody Else Is Doing It, So Why Can't We?","1993","8","n","",""
"4946","","Cream","","","Disraeli Gears","1967","4","o","",""
"8324","","Creedence Clearwater Revival","","","Bayou Country","1969","7","o","",""
"8328","","Creedence Clearwater Revival","","","Cosmo's Factory","1970","9","o","",""
"8325","","Creedence Clearwater Revival","","","Green River","1969","8","o","",""
"8326","","Creedence Clearwater Revival","","","Willy and the Poor Boys","1969","8","o","",""
"88503","","Crime","","","San Francisco's Doomed","1991","6","o","",""
"116411","","Crime &amp; the City Solution","","","Just South of Heaven","1985","6","o","",""
"12966","","Crime &amp; the City Solution","","","Room of Lights","1986","5","o","",""
"550065","The","Crimson Empire","","","Prologue","2006","6","o","",""
"757915","The Sonny","Criss Orchestra","","","Sonny's Dream (Birth of the New Cool)","1968","8","n","",""
"11890","David","Crosby","","","If I Could Only Remember My Name","1971","8","o","",""
"10826","","Crosby, Stills &amp; Nash","","","Crosby, Stills &amp; Nash","1969","7","o","",""
"8166","","Crosby, Stills, Nash &amp; Young","","","Déjà vu","1970","8","o","",""
"3608","Julee","Cruise","","","Floating Into the Night","1989","6","o","",""
"1474132","","Crystal Antlers","","","EP","2008","6","o","",""
"19249","","Cul de Sac","","","ECIM","1991","0","w","","CD"
"1968","The","Cult","","","Love","1985","7","o","",""
"179287","","Culture","","","Two Sevens Clash","1977","8","o","",""
"391158","","CunninLynguists","","","A Piece of Strange","2005","8","o","",""
"325","","Cure","","","Wish","1992","6","o","",""
"324","The","Cure","","","Disintegration","1989","10","o","",""
"319","The","Cure","","","Faith","1981","7","o","",""
"323","The","Cure","","","Kiss Me Kiss Me Kiss Me","1987","7","o","",""
"320","The","Cure","","","Pornography","1982","7","o","",""
"318","The","Cure","","","Seventeen Seconds","1980","8","o","",""
"166337","The","Cure","","","The End of the World / This Morning","2004","6","o","",""
"322","The","Cure","","","The Head on the Door","1985","7","o","",""
"321","The","Cure","","","The Top","1984","7","o","",""
"316","The","Cure","","","Three Imaginary Boys","1979","8","n","",""
"19505","","Curve","","","Doppelgänger","1992","7","o","",""
"1104686","","Cut /// Copy","","","In Ghost Colours","2008","6","o","",""
"6053920","","D'Angelo and The Vanguard","","","Black Messiah","2014","9","n","",""
"7002","Terence Trent","D'Arby","","","Introducing the Hardline According to Terence Trent D'Arby","1987","5","o","",""
"74798","","Dadamah","","","This Is Not a Dream","1995","0","w","","CD"
"2863","","Daft Punk","","","Discovery","2001","7","o","",""
"3887","","Daft Punk","","","Homework","1997","5","o","",""
"4481457","","Daft Punk","","","Random Access Memories","2013","4","n","",""
"19380","The","Dambuilders","","","Encendedor","1994","7","o","",""
"1433","The","Damned","","","Damned Damned Damned","1977","9","o","",""
"9559","","Damon &amp; Naomi with Ghost","","","Damon &amp; Naomi With Ghost","2000","7","o","",""
"3007280","","Danger Beach","","","Milky Way","2010","7","o","",""
"12166155","","Danger Mouse &amp; Black Thought","","","Cheat Codes","2022","8","n","",""
"9679","The","Darling Buds","","","Crawdaddy","1990","6","o","",""
"9681","The","Darling Buds","","","Erotica","1992","7","o","",""
"418265","","Datblygu","","","Hwgr-Grawth-Og","1986","7","o","",""
"11883853","Marie","Davidson &amp; L'Œil Nu","","","Renegade Breakdown","2020","6","n","",""
"487739","Ray","Davies","","","Other People's Lives","2006","5","o","",""
"11232","Miles","Davis","","","'Round About Midnight","1957","7","n","",""
"427739","Miles","Davis","","","A Tribute to Jack Johnson","1971","8","n","",""
"4780","Miles","Davis","","","Birth of the Cool","1957","7","o","",""
"4588","Miles","Davis","","","Bitches Brew","1970","8","o","",""
"72092","Miles","Davis","","","Blue Moods","1955","7","o","",""
"13532","Miles","Davis","","","Get Up With It","1974","8","n","",""
"10394","Miles","Davis","","","In a Silent Way","1969","8","o","",""
"2571","Miles","Davis","","","Kind of Blue","1959","9","o","",""
"5885","Miles","Davis","","","Milestones","1958","7","n","",""
"12435","Miles","Davis","","","Nefertiti","1968","7","o","",""
"10400","Miles","Davis","","","On the Corner","1972","6","o","",""
"6647","Miles","Davis","","","Sketches of Spain","1960","8","n","",""
"946063","Peter","Davison","","","Glide","1981","8","o","",""
"10404","Miles","Davis Quintet","","","Miles Smiles","1967","8","n","",""
"9804445","The","Day","","","Midnight Parade","2019","8","n","",""
"13026","The","dB's","","","Repercussion","1982","8","o","",""
"13028","The","dB's","","","Stands for Decibels","1981","8","o","",""
"950268","The","Deadbeat Poets","","","Notes From the Underground","2007","0","w","",""
"91927","The","Dead C","","","Harsh 70s Reality","1992","4","o","",""
"661816","","Dead Can Dance","","","Within the Realm of a Dying Sun","1987","7","o","",""
"2576","","Dead Kennedys","","","Fresh Fruit for Rotting Vegetables","1980","8","o","",""
"6155","","Dead Kennedys","","","Plastic Surgery Disasters","1982","6","o","",""
"371486","The","Deadly Snakes","","","Porcella","2005","7","o","",""
"16289802","","Deafheaven","","","Lonely People With Power","2025","7","n","",""
"9181349","","Deafheaven","","","Ordinary Corrupt Human Love","2018","7","n","",""
"2317501","","Dear Landlord","","","Dream Homes","2009","5","o","",""
"3892102","","Death Grips","","","The Money Store","2012","8","n","",""
"118479","","Death in June","","","The Guilty Have No Past","1990","6","o","",""
"4085","","Death in June","","","The Guilty Have No Pride","1983","6","o","",""
"74800","","Death of Samantha","","","Strungout on Jargon","1986","0","w","",""
"50593","The","Decemberists","","","Castaways and Cutouts","2002","7","o","",""
"181610","The","Decemberists","","","Picaresque","2005","6","o","",""
"2287","","Deep Purple","","","Machine Head","1972","5","o","",""
"118199","","Deep Turtle","","","Riva!","1993","6","o","",""
"155451","","Deep Wound","","","Deep Wound","1997","6","o","",""
"105562","","Deep Wound","","","Deep Wound","1983","7","o","",""
"43568","","Deerhoof","","","Apple O'","2003","8","o","",""
"663662","","Deerhoof","","","Friend Opportunity","2007","9","n","",""
"676318","","Deerhunter","","","Cryptograms","2007","8","o","",""
"3000596","","Deerhunter","","","Halcyon Digest","2010","8","n","",""
"883653","","Deerhunter","","","Microcastle / Weird Era Continued","2008","7","n","",""
"2247629","","Deerhunter","","","Rainwater Cassette Exchange","2009","7","o","",""
"11878266","Helena","Deland","","","Someone New","2020","7","n","",""
"51317","","Delaney &amp; Bonnie","","","Home","1969","5","o","",""
"9134","","De La Soul","","","3 Feet High and Rising","1989","8","o","",""
"142034","","Delays","","","Faded Seaside Glamour","2004","5","o","",""
"12068362","","Demae","","","Life Works Out... Usually","2020","6","n","",""
"3184564","","Dënver","","","Música, gramática, gimnasia","2010","7","o","",""
"602","","Depeche Mode","","","Violator","1990","8","o","",""
"97390","Paul","Desmond","","","Glad to Be Unhappy","1965","7","o","",""
"216129","","Destroy All Monsters","","","1974 - 1976","1994","6","o","",""
"58782","","Destroyer","","","City of Daughters","1998","8","o","",""
"443064","","Destroyer","","","Destroyer's Rubies","2006","7","o","",""
"3154833","","Destroyer","","","Kaputt","2011","6","n","",""
"13569","","Destroyer","","","Streethawk: A Seduction","2001","10","o","",""
"58781","","Destroyer","","","Thief","2000","7","o","",""
"49674","","Destroyer","","","This Night","2002","7","o","",""
"105432","","Destroyer","","","Your Blues","2004","7","o","",""
"1590033","","Deterioration Yellow Swans","","","Deterioration Yellow Swans","2008","5","o","",""
"242808","","Detwiije","","","Six Is Better Than Eight","2003","0","o","",""
"311182","","Detwiije","","","Would You Rather Be Followed by Forty Ducks for the Rest of Your Life?","2005","0","o","",""
"607721","","Deux filles","","","Silence &amp; Wisdom","1982","7","o","",""
"913","","Devo","","","Q: Are We Not Men? A: We Are Devo!","1978","7","o","",""
"556966","","Dextro","","","Consequence Music","2006","8","o","",""
"13184","","Dexys Midnight Runners","","","Searching for the Young Soul Rebels","1980","8","o","",""
"11678708","Katie","Dey","","","Mydata","2020","7","n","",""
"137113","","Diesel Park West","","","Shakespeare Alabama","1989","6","o","",""
"8671589","Honey","Dijon","","","The Best of Both Worlds","2017","7","n","",""
"12117","","Dillard &amp; Clark","","","The Fantastic Expedition of Dillard &amp; Clark","1968","7","o","",""
"919","","Dinosaur","","","You're Living All Over Me","1987","8","o","",""
"921","","Dinosaur Jr","","","Bug","1988","9","o","",""
"2201064","","Dinosaur Jr.","","","Farm","2009","7","o","",""
"923","","Dinosaur Jr.","","","Fossils","1991","7","o","",""
"138870","","Dios","","","Dios","2003","6","o","",""
"362515","","Diplo","","","Fabriclive.24","2005","7","o","",""
"2147624","","Dirty Projectors","","","Bitte Orca","2009","5","o","",""
"2976408","","Dirty Projectors + Björk","","","Mount Wittenberg Orca","2010","7","o","",""
"2757068","","Dirty Sweet","","","American Spiritual","2010","3","o","",""
"4340","","Dirty Three","","","Dirty Three","1995","0","w","","CD"
"2620","","Dirty Three","","","Horse Stories","1996","7","o","",""
"2810","","Dirty Three","","","Ocean Songs","1998","7","o","",""
"23406","","Discharge","","","Why","1981","0","o","",""
"17710","","Disco Inferno","","","D. I. Go Pop","1994","9","o","",""
"41633","","Disco Inferno","","","In Debt","1995","8","o","",""
"41634","","Disco Inferno","","","Technicolour","1996","8","n","",""
"2911235","","Disco Inferno","","","The 5 EPs","2011","9","o","",""
"250180","","Disjecta","","","Looking for Snags","1995","6","o","",""
"9910","The","Dismemberment Plan","","","Emergency &amp; I","1999","8","o","",""
"190","The","Divine Comedy","","","Casanova","1996","0","w","","CD"
"302","The","Divine Comedy","","","Fin de siècle","1998","7","o","",""
"16329793","McKinley","Dixon","","","Magic, Alive!","2025","8","n","",""
"297319","","DJ Mitsu the Beats","","","New Awakening","2003","6","o","",""
"390456","","DJ Muggs vs. GZA the Genius","","","Grandmasters","2005","7","o","",""
"92781","","DJ Quik","","","Way 2 Fonky","1992","0","w","","Wishlist"
"1543538","","DJ Scotch Egg","","","Drumized","2008","5","o","",""
"2612","","DJ Shadow","","","Endtroducing.....","1996","7","o","",""
"7851","","DJ Shadow","","","The Private Press","2002","6","o","",""
"29437","","DMZ","","","DMZ","1978","0","w","","CD"
"16894","","Dog Faced Hermans","","","Those Deep Buds","1994","6","o","",""
"9118407","","Doja Cat","","","Amala","2018","7","n","",""
"10793514","","Doja Cat","","","Hot Pink","2019","7","n","",""
"17500","Eric","Dolphy","","","Out There","1961","6","o","",""
"17499","Eric","Dolphy","","","Out to Lunch","1964","7","n","",""
"41147","","Do Make Say Think","","","Goodbye Enemy Airship the Landlord Is Dead","2000","8","o","",""
"81704","","Do Make Say Think","","","Winter Hymn Country Hymn Secret Hymn","2003","7","o","",""
"219968","João","Donato","","","A Bad Donato","1970","7","o","",""
"11895","","Donovan","","","Mellow Yellow","1967","6","o","",""
"11894","","Donovan","","","Sunshine Superman","1966","6","o","",""
"1195","The","Doors","","","L.A. Woman","1971","6","o","",""
"1194","The","Doors","","","Morrison Hotel","1970","6","o","",""
"1190","The","Doors","","","Strange Days","1967","6","o","",""
"1189","The","Doors","","","The Doors","1967","7","o","",""
"192896","Dave","Douglas","","","Convergence","1999","5","o","",""
"11481","","Down","","","NOLA","1995","7","o","",""
"89","Nick","Drake","","","Bryter Layter","1971","9","o","",""
"52","Nick","Drake","","","Five Leaves Left","1969","9","o","",""
"90","Nick","Drake","","","Pink Moon","1972","10","o","",""
"1492678","","Dr. Dog","","","Fate","2008","6","o","",""
"7216","","Dr. Dre","","","The Chronic","1992","7","o","",""
"13231","The","Dream Syndicate","","","The Days of Wine and Roses","1982","7","o","",""
"8055","","Dr. John, the Night Tripper","","","Gris-Gris","1968","8","o","",""
"8676","","Dr. Octagon","","","Dr. Octagon","1996","8","o","",""
"13235","","Drop Nineteens","","","Delaware","1992","7","o","",""
"2762354","The","Drums","","","The Drums","2010","6","o","",""
"18858","The","Dukes of Stratosphear","","","Psonic Psunspot","1987","7","o","",""
"2627964","","Dum Dum Girls","","","I Will Be","2010","9","o","",""
"3544705","","Dum Dum Girls","","","Only in Dreams","2011","9","n","",""
"4959237","","Dum Dum Girls","","","Too True","2014","6","n","",""
"12114012","","Dummy","","","EP2","2020","7","n","",""
"11566777","Natalie","Duncan","","","Free","2020","6","n","",""
"1666263","","Dungen","","","4","2008","7","n","",""
"188976","","Dungen","","","Ta det lugnt","2004","8","o","",""
"23395","The","Durutti Column","","","Circuses and Bread","1986","6","o","",""
"13239","The","Durutti Column","","","LC","1981","7","o","",""
"13248","Ian","Dury","","","New Boots and Panties!!","1977","7","o","",""
"13541","","Duster","","","Stratosphere","1998","8","n","",""
"2671158","The","Dutchess and the Duke","","","Sunset / Sunrise","2009","7","o","",""
"3679","Bob","Dylan","","","&#34;Love and Theft&#34;","2001","6","o","",""
"48","Bob","Dylan","","","Another Side of Bob Dylan","1964","7","o","",""
"94","Bob","Dylan","","","Blonde on Blonde","1966","10","o","",""
"151129","Bob","Dylan","","","Blood on the Tapes","1997","7","o","",""
"50","Bob","Dylan","","","Blood on the Tracks","1975","10","o","",""
"2047","Bob","Dylan","","","Bob Dylan","1962","6","o","",""
"93","Bob","Dylan","","","Bringing It All Back Home","1965","10","o","",""
"6295","Bob","Dylan","","","Desire","1976","6","o","",""
"51","Bob","Dylan","","","Highway 61 Revisited","1965","10","o","",""
"95","Bob","Dylan","","","John Wesley Harding","1967","6","o","",""
"49","Bob","Dylan","","","Nashville Skyline","1969","7","o","",""
"29709","Bob","Dylan","","","New York Sessions: Blood on the Tracks","1998","8","o","",""
"2593","Bob","Dylan","","","The Bootleg Series Vol. 4: Live 1966 - The &#34;Royal Albert Hall&#34; Concert","1998","8","o","",""
"21732","Bob","Dylan","","","The Bootleg Series Vol. 5: Live 1975 - The Rolling Thunder Revue","2002","6","o","",""
"87059","Bob","Dylan","","","The Bootleg Series Vol. 6: Live 1964 - Concert at Philharmonic Hall","2004","0","w","","CD"
"7180","Bob","Dylan","","","The Bootleg Series Volumes 1-3: (Rare &amp; Unreleased) 1961-1991","1991","8","o","",""
"6296","Bob","Dylan","","","The Freewheelin' Bob Dylan","1963","8","o","",""
"92","Bob","Dylan","","","The Times They Are A-Changin'","1964","8","o","",""
"5382","Bob","Dylan","","","Time Out of Mind","1997","7","o","",""
"2592","Bob","Dylan &amp; The Band","","","The Basement Tapes","1975","7","o","",""
"117614","The","Dylans","","","The Dylans","1991","7","o","",""
"202873","The","Dynette Set","","","Rockers and Recliners","1983","4","o","",""
"2766963","Mark","E","","","Works 2005 - 2009: Selected Tracks &amp; Edits","2010","9","o","",""
"2275391","","EAR PWR","","","Super Animal Brothers III","2009","4","o","",""
"32866","","Earth","","","Pentastar: In the Style of Demons","1996","7","o","",""
"11852420","","Eartheater","","","Phoenix: Flames Are Dew Upon My Skin","2020","7","n","",""
"11745424","Carla J.","Easton","","","Weirdo","2020","6","n","",""
"773496","","Echo &amp; The Bunnymen","","","Ocean Rain","1984","8","o","",""
"556","","Echo &amp; The Bunnymen","","","Porcupine","1983","7","o","",""
"554","","Echo and The Bunnymen","","","Crocodiles","1980","7","o","",""
"555","","Echo and The Bunnymen","","","Heaven Up Here","1981","7","o","",""
"9168276","","Echo Ladies","","","Pink Noise","2018","6","n","",""
"93612","The","Ecstasy of Saint Theresa","","","Free-D (Original Soundtrack)","1994","0","w","","CD"
"9561","","Ecstasy of St. Theresa","","","Susurrate","1992","6","o","",""
"254360","","Edan","","","Beauty and the Beat","2005","7","o","",""
"1200","","Eels","","","Beautiful Freak","1996","8","o","",""
"1202","","Eels","","","Daisies of the Galaxy","2000","6","o","",""
"1201","","Eels","","","Electro-Shock Blues","1998","8","o","",""
"38739","","Eels","","","Shootenanny!","2003","6","o","",""
"2479","","Eels","","","Souljacker","2001","7","o","",""
"840063","","Efdemin","","","Efdemin","2007","7","o","",""
"15585","FM","Einheit","","","Stein","1990","0","w","","CD"
"8995","","Einstürzende Neubauten","","","½ Mensch","1985","7","o","",""
"11939205","Wendy","Eisenberg","","","Auto","2020","7","n","",""
"117738","The","Electric Eels","","","The Eyeball of Hell","2001","5","o","",""
"14030","","Electric Wizard","","","Dopethrone","2000","8","o","",""
"402167","","Electrocution 250","","","Electric Cartoon Music From Hell","2003","6","o","",""
"627168","","Elephant Parade","","","Bedroom Recordings","2006","6","o","",""
"31420","Danny","Elfman","","","Tim Burton's The Nightmare Before Christmas","1993","6","o","",""
"116819","Duke","Ellington","","","Duke Ellington's Far East Suite","1967","7","o","",""
"10551","Duke","Ellington, Charlie Mingus &amp; Max Roach","","","Money Jungle","1963","7","n","",""
"1627334","","Elliott Brood","","","Mountain Meadows","2008","5","o","",""
"941752","","Emeralds","","","Allegory of Allergies","2007","6","o","",""
"2812380","","Emeralds","","","Does It Look Like I'm Here?","2010","7","o","",""
"167206","","Emperor X","","","Tectonic Membrane / Thin Strip on an Edgeless Platform","2004","6","n","",""
"12071777","Astrid","Engberg","","","Tulpa","2020","6","n","",""
"361","Scott","Engel","","","Scott 4","1969","0","w","","CD"
"249635","","Engineers","","","Engineers","2005","7","o","",""
"5091","Jeremy","Enigk","","","Return of the Frog Queen","1996","7","o","",""
"706","","Eno","","","Another Green World","1975","10","o","",""
"704","","Eno","","","Here Come the Warm Jets","1974","8","o","",""
"705","","Eno","","","Taking Tiger Mountain (By Strategy)","1974","9","o","",""
"243","Brian","Eno","","","Ambient 1: Music for Airports","1979","7","o","",""
"709","Brian","Eno","","","Before and After Science","1977","8","o","",""
"10810","","Eno / Cale","","","Wrong Way Up","1990","7","o","",""
"14763","Brian","Eno-David Byrne","","","My Life in the Bush of Ghosts","1981","6","o","",""
"7963","Brian","Eno with Daniel Lanois &amp; Roger Eno","","","Apollo: Atmospheres &amp; Soundtracks","1983","7","o","",""
"17125","","Eric's Trip","","","Forever Again","1994","6","o","",""
"9563","","Eric's Trip","","","Love Tara","1993","7","n","",""
"10834","","Eric B. &amp; Rakim","","","Paid In Full","1987","8","o","",""
"560168","","Ersen ve Dadaşlar","","","Dünden bugüne","1977","0","w","",""
"421991","","Es","","","Sateenkaarisuudelma","2005","7","o","",""
"146892","","Escape With Romeo","","","Next Stop Eternally","1993","0","w","","CD"
"128216","","Espers","","","Espers","2004","7","o","",""
"488988","","Espers","","","II","2006","7","o","",""
"383849","","Espers","","","The Weed Tree","2005","6","o","",""
"17242","","Essential Logic","","","Beat Rhythm News: Waddle Ya Play?","1979","7","o","",""
"481440","The","Essex Green","","","Cannibal Sea","2006","6","o","",""
"39915","The","Essex Green","","","Everything Is Green","1999","7","o","",""
"51096","The","Essex Green","","","The Long Goodbye","2003","7","o","",""
"3002480","","Eternal Summers","","","Silver","2010","8","n","",""
"3854742","","Eternal Summers","","","The Dawn of Eternal Summers","2012","8","o","",""
"3089279","","Eux Autres","","","Broken Bow","2010","8","o","",""
"50896","Bill","Evans","","","You Must Believe in Spring","1981","7","n","",""
"11440","Bill","Evans &amp; Jim Hall","","","Undercurrent","1962","6","o","",""
"12451","Bill","Evans Trio","","","Explorations","1961","0","w","","CD"
"17474","Bill","Evans Trio","","","Sunday at the Village Vanguard","1961","0","w","","CD"
"11215","Bill","Evans Trio","","","Waltz for Debby","1962","7","o","",""
"165661","","Evelyn Hope","","","Evelyn Hope","2002","7","o","",""
"282234","The","Evens","","","The Evens","2005","7","o","",""
"313861","","Everything, Now!","","","Police, Police!","2005","6","o","",""
"94926","","Exhaust","","","Exhaust","1998","7","o","",""
"9895916","","Ex Hex","","","It's Real","2019","5","n","",""
"554972","Damião","Experiença","","","Planeta Lamma","1971","4","o","",""
"11831974","","Exploding Flowers","","","Stumbling Blocks","2020","7","n","",""
"50595","The","Exploding Hearts","","","Guitar Romantic","2003","8","o","",""
"710876","","Explosions in the Sky","","","All of a Sudden I Miss Everyone","2007","6","o","",""
"74908","","Explosions in the Sky","","","How Strange, Innocence","2000","6","o","",""
"91391","","Explosions in the Sky","","","The Earth Is Not a Cold Dead Place","2003","9","o","",""
"28874","","Explosions in the Sky","","","Those Who Tell the Truth Shall Die, Those Who Tell the Truth Shall Live Forever","2001","7","o","",""
"357133","","Explosions in the Sky","","","Travels in Constants, Vol. 21: The Rescue","2005","6","o","",""
"337445","","Expressos","","","Promises and Ties","1982","6","o","",""
"554992","","Fábio","","","Os frutos de mi tierra","1972","7","o","",""
"37309","John","Fahey","","","America","1971","7","o","",""
"61016","John","Fahey","","","Fare Forward Voyagers (Soldier's Choice)","1973","7","o","",""
"45743","John","Fahey","","","The Yellow Princess","1968","8","o","","CD"
"149580","John","Fahey","","","Vol. II: Death Chants, Breakdowns, &amp; Military Waltzes","1964","8","o","",""
"13438","John","Fahey","","","Volume 5: The Transfiguration of Blind Joe Death","1967","9","o","",""
"2501","","Fairport Convention","","","Liege &amp; Lief","1969","5","o","",""
"2500","","Fairport Convention","","","Unhalfbricking","1969","6","o","",""
"7739","","Faithless","","","Reverence","1996","6","o","",""
"98","The","Fall","","","458489 A Sides","1990","6","o","",""
"713","The","Fall","","","Dragnet","1979","6","o","",""
"9486","The","Fall","","","Grotesque","1980","7","o","",""
"9489","The","Fall","","","Hex Enduction Hour","1982","6","o","",""
"9504","The","Fall","","","In: Palace of Swords Reversed","1987","0","w","","CD"
"712","The","Fall","","","Live at the Witch Trials","1979","7","o","",""
"716","The","Fall","","","Perverted by Language","1983","6","o","",""
"9487","The","Fall","","","Slates","1981","6","o","",""
"9495","The","Fall","","","The Wonderful and Frightening World of The Fall","1984","0","w","","CD"
"714","The","Fall","","","This Nation's Saving Grace","1985","8","o","",""
"2730151","","Fang Island","","","Fang Island","2010","4","o","",""
"39430","","Farben","","","Textstar","2002","6","o","",""
"69173","","Far East Family Band","","","Parallel World","1976","7","o","",""
"50738","","Fat Tulips","","","Nostalgia","1992","8","n","",""
"1665514","The","Fauns","","","The Fauns","2009","6","o","",""
"741179","","Faust","","","Faust [clear]","1971","6","o","",""
"6210","","Faust","","","Faust IV","1973","7","o","",""
"6208","","Faust","","","So Far","1972","6","o","",""
"6209","","Faust","","","The Faust Tapes","1973","6","o","",""
"3190","The","Feelies","","","Crazy Rhythms","1980","8","o","",""
"3193","The","Feelies","","","The Good Earth","1986","7","o","",""
"77813","","Fela &amp; Africa 70","","","Coffin for Head of State","1981","7","n","",""
"77811","","Fela &amp; Africa 70","","","Kalakuta Show","1976","8","n","",""
"604041","","Fela &amp; The Africa 70","","","Roforofo Fight","1972","7","n","",""
"153050","","Fẹla and Afrika 70","","","Opposite People","1977","8","n","",""
"77815","","Fẹla and Afrika 70","","","Sorrow Tears and Blood","1977","7","n","",""
"34297","","Fela and The Africa 70","","","Shakara","1972","8","n","",""
"12193362","","Felbm","","","Tape 3","2020","9","n","",""
"9644","","Felt","","","Forever Breathes the Lonely Word","1986","9","n","",""
"9641","","Felt","","","Ignite the Seven Cannons","1985","8","n","",""
"9648","","Felt","","","The Pictorial Jackson Review","1988","7","o","",""
"9640","","Felt","","","The Strange Idols Pattern and Other Short Stories","1984","8","n","",""
"16096","","Fennesz","","","Endless Summer","2001","0","w","","CD"
"1806329","","Fever Ray","","","Fever Ray","2009","6","o","",""
"8691205","","Fever Ray","","","Plunge","2017","8","n","",""
"796730","The","Field","","","From Here We Go Sublime","2007","9","o","",""
"2144347","The","Field","","","Yesterday and Today","2009","4","o","",""
"12007276","","Fielded","","","Demisexual Lovelace","2020","6","n","",""
"1646","","Field Mice","","","For Keeps","1991","8","o","",""
"1648","The","Field Mice","","","Snowball","1989","8","o","",""
"151051","The","Fiery Furnaces","","","Blueberry Boat","2004","6","o","",""
"9968886","Dominique","Fils-Aimé","","","Stay Tuned!","2019","7","n","",""
"2055527","","Finale","","","A Pipe Dream and a Promise","2009","6","o","",""
"1212565","","Fireflies","","","Goodnight Stars, Goodnight Moon","2006","8","n","",""
"964277","","Fishmans","","","98.12.28 男達の別れ","1999","9","n","",""
"453563","","Fishmans","","","Long Season","1996","10","n","",""
"453567","","Fishmans","","","宇宙 日本 世田谷","1997","9","n","",""
"9351296","","Fit of Body","","","Black Box No Cops","2018","6","n","",""
"110187","Ella","Fitzgerald","","","Ella Fitzgerald Sings the Cole Porter Song Book","1997","0","w","","CD"
"64486","Ella","Fitzgerald","","","Ella Fitzgerald Sings the George and Ira Gershwin Song Book","1959","0","w","","CD"
"91246","Ella","Fitzgerald","","","Love Songs: Best of the Verve Song Books","1996","7","o","",""
"32050","The","Fixx","","","Reach the Beach","1983","7","o","",""
"15864420","","FKA twigs","","","Eusexua","2025","7","n","",""
"5567950","","FKA twigs","","","LP1","2014","8","n","",""
"10610710","","FKA twigs","","","Magdalene","2019","7","n","",""
"24358","","Flamin' Groovies","","","Shake Some Action","1976","9","o","",""
"24303","The","Flamin' Groovies","","","Teenage Head","1971","7","o","",""
"653","The","Flaming Lips","","","Clouds Taste Metallic","1995","6","o","",""
"2275493","The","Flaming Lips","","","Embryonic","2009","6","o","",""
"648","The","Flaming Lips","","","In a Priest Driven Ambulance","1990","6","n","",""
"641","The","Flaming Lips","","","The Soft Bulletin","1999","10","o","",""
"651","The","Flaming Lips","","","Transmissions From the Satellite Heart","1993","6","o","",""
"12256","The","Flaming Lips","","","Yoshimi Battles the Pink Robots","2002","7","o","",""
"24305","","Flamin Groovies","","","Flamingo","1970","7","o","",""
"14525907","","Flasher","","","Love Is Yours","2022","8","n","",""
"1322533","","Fleet Foxes","","","Fleet Foxes","2008","7","o","",""
"45975","Mick","Fleetwood","","","The Visitor","1981","0","w","","CD"
"6369","","Fleetwood Mac","","","Bare Trees","1972","0","o","","LP"
"5323","","Fleetwood Mac","","","Fleetwood Mac","1975","5","o","",""
"2320","","Fleetwood Mac","","","Rumours","1977","6","o","",""
"182832","The","Flesh Eaters","","","A Minute to Pray, a Second to Die","1981","7","o","",""
"226591","The","Flesh Eaters","","","No Questions Asked","1980","5","o","",""
"692586","","Flipper","","","Album: Generic Flipper","1982","7","o","",""
"4641467","The","Flipper's Guitar","","","Groove Tube","1991","8","n","",""
"12687179","","Floating Points, Pharoah Sanders &amp; The London Symphony Orchestra","","","Promises","2021","8","n","",""
"14627206","","Florist","","","Florist","2022","6","n","",""
"187496","","Flower Travellin' Band","","","Satori","1971","8","o","",""
"208566","","Flower Travelling Band","","","Made in Japan","1972","6","o","",""
"20011","The","Flying Burrito Bros","","","The Flying Burrito Bros","1971","5","o","",""
"8266","The","Flying Burrito Bros","","","The Gilded Palace of Sin","1969","10","o","",""
"7871","The","Flying Lizards","","","The Flying Lizards","1980","5","o","",""
"641758","","Flying Lotus","","","1983","2006","6","o","",""
"1649767","","Flying Lotus","","","L.A. EP 1 X 3","2008","6","o","",""
"1890989","","Flying Lotus","","","L.A. EP 2 X 3","2008","6","o","",""
"2336865","","Flying Lotus","","","L.A. EP 3 X 3","2009","6","o","",""
"1500010","","Flying Lotus","","","Los Angeles","2008","7","o","",""
"8667","","Flying Saucer Attack","","","Flying Saucer Attack [Rural Psychedelia]","1994","6","o","",""
"8668","","Flying Saucer Attack","","","Further","1995","6","o","",""
"22051","","For Against","","","December","1988","8","o","",""
"363973","","For Against","","","Echelons","1987","7","o","",""
"6387","","Foreigner","","","Head Games","1979","6","o","","LP"
"56988","","Four Tet","","","Rounds","2003","8","o","",""
"2574515","","Four Tet","","","There Is Love in You","2010","7","o","",""
"35106","","Four Tops","","","Reach Out","1967","8","o","",""
"8155","Aretha","Franklin","","","Aretha Now","1968","0","w","","CD"
"4859","Aretha","Franklin","","","I Never Loved a Man the Way I Love You","1967","8","o","",""
"8154","Aretha","Franklin","","","Lady Soul","1968","6","o","",""
"31498","Aretha","Franklin","","","Spirit in the Dark","1970","0","w","","CD"
"115964","","Franz Ferdinand","","","Franz Ferdinand","2004","6","o","",""
"1463877","Nik","Freitas","","","Sun Down","2008","7","o","",""
"13480","The","French Impressionists","","","A Selection of Songs","1982","4","o","",""
"1186684","","French Quarter","","","French Quarter","2007","7","o","",""
"37275","Kinky","Friedman","","","Lasso From El Paso","1976","0","w","","CD"
"1552877","Dan","Friel","","","Ghost Town","2008","5","o","",""
"2330265","","Friends","","","Far and Away","1987","6","o","",""
"387637","","Friends Again","","","Trapped and Unwrapped","1984","8","o","",""
"1198607","","Frightened Rabbit","","","The Midnight Organ Fight","2008","4","o","",""
"30463","Lefty","Frizzell","","","Look What Thoughts Will Do","1997","8","o","",""
"82225","","Frog Eyes","","","The Golden River","2003","7","o","",""
"2405940","","Fuck Buttons","","","Tarot Sport","2009","5","o","",""
"19481","","Fugazi","","","13 Songs","1989","8","o","",""
"2131","","Fugazi","","","End Hits","1998","7","o","",""
"19039","","Fugazi","","","Furniture","2001","7","o","",""
"2129","","Fugazi","","","In on the Kill Taker","1993","7","o","",""
"17155","","Fugazi","","","Instrument","1999","6","o","",""
"2130","","Fugazi","","","Red Medicine","1995","7","o","",""
"2127","","Fugazi","","","Repeater","1990","7","o","",""
"2128","","Fugazi","","","Steady Diet of Nothing","1991","6","o","",""
"2132","","Fugazi","","","The Argument","2001","7","o","",""
"7762","","Funkadelic","","","Funkadelic","1970","6","o","",""
"7764","","Funkadelic","","","Maggot Brain","1971","8","o","",""
"7769","","Funkadelic","","","One Nation Under a Groove","1978","7","o","",""
"309729","","Furniture","","","Food, Sex &amp; Paranoia","1990","6","o","",""
"934020","The","Fuses","","","Are Lies","2000","6","o","",""
"7464","The","Future Sound of London","","","Dead Cities","1996","6","o","",""
"126319","The","Future Sound of London","","","ISDN","1994","5","o","",""
"13548","The","Future Sound of London","","","Lifeforms","1994","7","o","",""
"5932","Peter","Gabriel","","","Peter Gabriel","1980","6","o","",""
"7","Serge","Gainsbourg","","","Comic Strip","1996","0","w","","MP3"
"685","Serge","Gainsbourg","","","Histoire de Melody Nelson","1971","10","o","",""
"3382924","","Galapagos","","","Sounds Vol. 1","2011","5","o","",""
"800694","Michael","Galasso","","","Scenes","1983","6","o","",""
"46166","","Galaxie 500","","","Copenhagen","1997","8","o","",""
"324173","","Galaxie 500","","","Melt Away: Selections From the Galaxie 500 Box Set","1996","6","o","",""
"2597","","Galaxie 500","","","On Fire","1989","8","o","",""
"2598","","Galaxie 500","","","This Is Our Music","1990","7","o","",""
"2596","","Galaxie 500","","","Today","1988","9","o","",""
"37354","","Gal e Caetano Velloso","","","Domingo","1967","7","o","",""
"38969","France","Gall","","","Baby Pop","1966","8","o","",""
"11697378","Asher","Gamedze","","","Dialectic Soul","2020","8","n","",""
"178863","","Gang Gang Dance","","","Gang Gang Dance","2004","7","o","",""
"259307","","Gang Gang Dance","","","God's Money","2005","8","o","",""
"1673857","","Gang Gang Dance","","","Saint Dymphna","2008","8","o","",""
"9655","","Gang of Four","","","Entertainment!","1979","8","o","",""
"10666","","Gang of Four","","","Songs of the Free","1982","7","o","",""
"13494","","Gang Starr","","","Daily Operation","1992","7","o","",""
"11076340","Angélica","Garcia","","","Cha Cha Palace","2020","8","n","",""
"11897211","Nubya","Garcia","","","Source","2020","9","n","",""
"17334","","Gastr del Sol","","","Camoufleur","1998","6","o","",""
"43140","The","Gathering","","","Souvenirs","2003","6","o","",""
"5894","Marvin","Gaye","","","Let's Get It On","1973","8","o","",""
"5892","Marvin","Gaye","","","What's Going On","1971","10","o","",""
"495566","Howe","Gelb","","","'Sno Angel Like You","2006","7","o","",""
"5919","","Genesis","","","Selling England by the Pound","1973","5","o","",""
"5920","","Genesis","","","The Lamb Lies Down on Broadway","1974","7","o","",""
"22312","","Genius/GZA","","","Liquid Swords","1995","10","o","",""
"11510","Lisa","Germano","","","Geek the Girl","1994","6","o","",""
"3086784","","Get Cape. Wear Cape. Fly","","","Get Cape. Wear Cape. Fly","2010","4","o","",""
"17486","Stan","Getz","","","Sweet Rain","1967","0","w","","CD"
"17487","Stan","Getz &amp; Charlie Byrd","","","Jazz Samba","1962","8","n","",""
"8758","Stan","Getz &amp; João Gilberto featuring Antônio Carlos Jobim","","","Getz / Gilberto","1964","9","o","",""
"156080","","Ghostface","","","The Pretty Toney Album","2004","7","o","",""
"330417","","Ghostface Killah","","","Fishscale","2006","8","o","",""
"11164","","Ghostface Killah","","","Ironman","1996","9","o","",""
"10027","","Ghostface Killah","","","Supreme Clientele","2000","7","o","",""
"15679842","Beth","Gibbons","","","Lives Outgrown","2024","7","n","",""
"87852","Gilberto","Gil","","","Expresso 2222","1972","7","n","",""
"38251","Gilberto","Gil","","","Gilberto Gil","1969","8","o","",""
"38250","Gilberto","Gil","","","Gilberto Gil","1968","9","o","",""
"28286","Gilberto","Gil","","","Refazenda","1975","8","o","",""
"78289","Gilberto","Gil &amp; Jorge Ben","","","Gil &amp; Jorge","1992","9","o","",""
"143972","João","Gilberto","","","Amoroso","1977","7","o","",""
"145924","João","Gilberto","","","Chega de saudade","1959","7","o","",""
"631374","João","Gilberto","","","João &amp; Astrud Gilberto: Versiones Originales","1999","0","o","",""
"13507","João","Gilberto","","","João Gilberto","1973","10","o","",""
"612092","","Gil e Jorge","","","Ogum Xangô","1975","9","o","",""
"315126","","Gina X Performance","","","Nice Mover","1979","0","w","","CD"
"11916180","","Girl Friday","","","Androgynous Mary","2020","7","n","",""
"612782","","Girl Talk","","","Night Ripper","2006","7","o","",""
"13511","The","Gist","","","Embrace the Herd","1983","0","w","","CD"
"10754","Philip","Glass","","","Glassworks","1982","8","o","",""
"460404","","Gloria Mundi","","","The Word Is Out","1979","4","o","",""
"13065","The","Glove","","","Blue Sunshine","1983","6","o","",""
"169102","","Glo-Worm","","","Glimmer","1996","7","o","",""
"10669","The","Go-Betweens","","","16 Lovers Lane","1988","8","o","",""
"6322","The","Go-Betweens","","","Before Hollywood","1983","6","o","",""
"6325","The","Go-Betweens","","","Liberty Belle and the Black Diamond Express","1986","7","o","",""
"2440","","Godspeed You Black Emperor!","","","F♯A♯∞","1998","7","o","",""
"2602","","Godspeed You Black Emperor!","","","Lift Yr. Skinny Fists Like Antennas to Heaven!","2000","10","o","",""
"2601","","Godspeed You Black Emperor!","","","Slow Riot for New Zerø Kanada E.P.","1999","9","o","",""
"24752","","Godspeed You! Black Emperor","","","Yanqui U.X.O.","2002","8","o","",""
"280501","","Gogol Bordello","","","East Infection","2005","5","o","",""
"359368","","Gogol Bordello","","","Gypsy Punks: Underdog World Strike","2005","5","o","",""
"34167","","Gogol Bordello","","","Voi-La Intruder","1999","6","o","",""
"3693","","Goldfrapp","","","Felt Mountain","2000","6","o","",""
"51041","","Gong avec Daevid Allen","","","Continental Circus","1972","7","o","",""
"2714547","","Gonjasufi","","","A Sufi and a Killer","2010","7","o","",""
"371890","Delia","Gonzalez &amp; Gavilán Russom","","","The Days of Mars","2005","6","o","",""
"20754","The","Gories","","","I Know You Fine, But How You Doin'","1990","6","o","",""
"4457","","Gorillaz","","","Gorillaz","2001","6","o","",""
"2332259","","Gorillaz","","","Plastic Beach","2010","7","o","",""
"627802","","Go Sailor","","","Fine Day for Sailing","1994","8","o","",""
"172648","The","Go! Team","","","Thunder, Lightning, Strike","2004","7","o","",""
"25526","Manuel","Göttsching","","","E2-E4","1984","9","o","",""
"8931720","Peggy","Gou","","","Once","2018","8","n","",""
"32162","Glenn","Gould","","","The Goldberg Variations","1956","8","o","",""
"37596","Glenn","Gould","","","The Goldberg Variations","1982","8","o","",""
"157138","Davey","Graham","","","All That Moody","1976","7","o","",""
"1299","","Grandaddy","","","The Sophtware Slump","2000","6","o","",""
"9938727","Ariana","Grande","","","Thank U, Next","2019","7","n","",""
"11524203","The Jerry","Granelli Trio","","","Plays Vince Guaraldi &amp; Mose Allison","2020","7","n","",""
"2355737","","Grass Widow","","","Grass Widow","2009","7","n","",""
"3927048","","Grass Widow","","","Internal Logic","2012","8","n","",""
"2976982","","Grass Widow","","","Past Time","2010","8","n","",""
"3676","","Grateful Dead","","","American Beauty","1970","5","o","",""
"7759","","Grateful Dead","","","Blues for Allah","1975","4","o","",""
"3014","","Grateful Dead","","","Workingman's Dead","1970","5","o","",""
"102","David","Gray","","","White Ladder","2000","3","o","",""
"17030","Al","Green","","","Call Me","1973","8","o","",""
"17027","Al","Green","","","I'm Still in Love With You","1972","8","o","",""
"17028","Al","Green","","","Let's Stay Together","1972","7","o","",""
"163259","Grant","Green","","","Born to Be Blue","1985","0","w","","CD"
"22349","Grant","Green","","","Idle Moments","1965","8","n","",""
"138898","The","Greenberry Woods","","","Rapple Dapple","1994","6","o","",""
"60488","The","Green Pajamas","","","Book of Hours","1987","6","o","",""
"127374","The","Green Pajamas","","","Summer of Lust","1984","0","o","",""
"51100","Nanci","Griffith","","","Late Night Grande Hotel","1991","4","o","",""
"6841529","","Grimes","","","Art Angels","2015","6","n","",""
"10837476","","Grimes","","","Miss Anthropocene","2020","8","n","",""
"3699490","","Grimes","","","Visions","2012","9","n","",""
"2106108","","Grizzly Bear","","","Veckatimest","2009","6","n","",""
"9368959","","GRLwood","","","Daddy","2018","8","n","",""
"1104962","","Grouper","","","Dragging a Dead Deer Up a Hill","2008","6","o","",""
"7930630","","Grouper","","","Paradise Valley","2016","9","n","",""
"21820","","Guadalcanal Diary","","","2 x 4","1987","6","o","",""
"70181","Vince","Guaraldi","","","A Charlie Brown Christmas","1965","8","o","",""
"2605","","Guided by Voices","","","Alien Lanes","1995","8","o","",""
"2082","","Guided by Voices","","","Bee Thousand","1994","9","o","",""
"1080948","El","Guincho","","","Alegranza","2007","7","o","",""
"41578","","Guitar","","","Sunkissed","2002","6","o","",""
"11336382","","Gum Country","","","Somewhere","2020","6","n","",""
"13683","The","Gun Club","","","Fire of Love","1981","7","o","",""
"28787","The","Gun Club","","","In Exile","1992","7","o","",""
"17282","The","Gun Club","","","Miami","1982","6","o","",""
"125282","Jim","Guthrie","","","Now, More Than Ever","2003","6","o","",""
"37316","Woody","Guthrie","","","Dust Bowl Ballads","1964","8","o","",""
"39857","Bruce","Haack","","","The Electric Lucifer","1970","6","o","",""
"12030982","","Hachiku","","","I'll Probably Be Asleep","2020","6","n","",""
"184392","","Half Japanese","","","Sing No Evil","1984","6","o","",""
"383035","","Half String","","","A Fascination With Heights","1996","8","o","",""
"94410","The","Halo Benders","","","God Don't Make No Junk","1994","7","o","",""
"34115","The","Halo Benders","","","The Rebels Not In","1998","7","o","",""
"69242","Neil","Halstead","","","Seasons","2002","7","o","",""
"9814","Neil","Halstead","","","Sleeping on Roads","2002","8","o","",""
"13979","Pete","Ham","","","7 Park Avenue","1997","0","w","",""
"10494","Herbie","Hancock","","","Empyrean Isles","1964","7","o","",""
"4597","Herbie","Hancock","","","Head Hunters","1973","7","n","",""
"4596","Herbie","Hancock","","","Maiden Voyage","1965","7","o","",""
"13935","Herbie","Hancock","","","Sextant","1973","7","n","",""
"13696","","Handsome Boy Modeling School","","","So... How's Your Girl?","1999","7","o","",""
"18014","The","Handsome Family","","","In the Air","2000","7","o","",""
"23778","The","Handsome Family","","","Through the Trees","1998","8","o","",""
"187631","Kip","Hanrahan","","","Days and Nights of Blue Luck Inverted","1987","3","o","",""
"427178","","Hardal","","","Nasıl? Ne Zaman?","1978","0","w","",""
"30382","Tim","Hardin","","","This Is Tim Hardin","1967","7","o","",""
"727","Françoise","Hardy","","","Françoise Hardy [La question]","1971","9","o","",""
"127813","Françoise","Hardy","","","If You Listen","2000","8","o","",""
"60348","Françoise","Hardy","","","Tous les garçons et les filles","1962","7","o","",""
"14502","","Harmonia","","","Deluxe","1975","7","o","",""
"34802","","Harmony Rockets","","","I've Got a Golden Ticket","1997","5","o","",""
"465373","Billy","Harper","","","Black Saint","1975","8","n","",""
"16330","Roy","Harper","","","Stormcock","1971","6","o","",""
"2551474","Billy","Harper Quintet","","","ラヴ・オン・ザ・スーダン","1977","8","n","",""
"225979","Emmylou","Harris","","","Brand New Dance","1990","5","o","",""
"4623","Emmylou","Harris","","","Red Dirt Girl","2000","6","o","",""
"12904","Emmylou","Harris","","","Wrecking Ball","1995","7","o","",""
"3178","Emmylou","Harris, Linda Ronstadt, Dolly Parton","","","Trio II","1999","5","o","",""
"2264","George","Harrison","","","All Things Must Pass","1970","7","o","",""
"52923","","Harumi","","","Harumi","1968","6","o","",""
"15798","Mick","Harvey","","","Intoxicated Man","1995","0","w","","CD"
"45936","Mick","Harvey","","","Pink Elephants","1997","7","o","",""
"729","PJ","Harvey","","","Dry","1992","8","o","",""
"732","PJ","Harvey","","","Is This Desire?","1998","7","o","",""
"3211132","PJ","Harvey","","","Let England Shake","2011","8","o","",""
"730","PJ","Harvey","","","Rid of Me","1993","8","n","",""
"733","PJ","Harvey","","","Stories From the City, Stories From the Sea","2000","8","o","",""
"731","PJ","Harvey","","","To Bring You My Love","1995","9","o","",""
"917064","PJ","Harvey","","","White Chalk","2007","8","o","",""
"23347","Jon","Hassell &amp; Brian Eno","","","Fourth World Vol. 1: Possible Musics","1980","7","o","",""
"14256033","","Hatchie","","","Giving the World Away","2022","8","n","",""
"10047862","","Hatchie","","","Keepsake","2019","9","n","",""
"9153251","","Hatchie","","","Sugar &amp; Spice","2018","8","n","",""
"8837103","","Hatchie","","","Sure","2017","9","n","",""
"1206880","","Have a Nice Life","","","Deathconsciousness","2008","5","n","",""
"672533","Irena &amp; Vojtěch","Havlovi","","","Malé modré nic (Little Blue Nothing)","1991","6","o","",""
"9136","Isaac","Hayes","","","Hot Buttered Soul","1969","8","o","",""
"687383","Lee","Hazlewood","","","Cake or Death","2006","6","o","",""
"12852","Lee","Hazlewood","","","Cowboy in Sweden","1970","9","o","",""
"28779","Lee","Hazlewood","","","For Every Solution There's a Problem: A Collection of Previously Unreleased Recordings From the Lee Hazlewood Archives","2002","6","o","",""
"113442","Lee","Hazlewood","","","Forty","1969","7","o","",""
"113441","Lee","Hazlewood","","","Friday's Child","1965","6","o","",""
"69191","Lee","Hazlewood","","","Lee Hazlewoodism: Its Cause and Cure","1967","8","o","",""
"652681","Lee","Hazlewood","","","Lee Hazlewood Presents The 98% American Mom &amp; Apple Pie 1929 Crash Band","1967","6","o","",""
"91788","Lee","Hazlewood","","","Love and Other Crimes","1968","7","o","",""
"50452","Lee","Hazlewood","","","Requiem for an Almost Lady","1971","10","o","",""
"69190","Lee","Hazlewood","","","The Very Special World of Lee Hazlewood: Lee Hazlewood Singing His Own Compositions","1966","6","o","",""
"50453","Lee","Hazlewood","","","Trouble Is a Lonesome Town","1963","6","o","",""
"97396","","Heartbreakers","","","L.A.M.F.","1977","6","o","",""
"25204","The","Heart Throbs","","","Cleopatra Grip","1990","6","o","",""
"42117","","Heatmiser","","","Mic City Sons","1996","8","o","",""
"179102","","Heavenly","","","Atta Girl","1993","9","o","",""
"364194","","Heavenly","","","Heavenly vs. Satan","2001","10","n","",""
"4710","","Heavenly","","","Le jardin de Heavenly","1992","9","o","",""
"4711","","Heavenly","","","The Decline and Fall of Heavenly","1994","9","o","",""
"3208874","Tim","Hecker","","","Ravedeath, 1972","2011","6","o","",""
"1727588","Mitch","Hedberg","","","Do You Believe in Gosh?","2008","7","o","",""
"114057","Mitch","Hedberg","","","Mitch All Together","2003","8","o","",""
"66381","Mitch","Hedberg","","","Strategic Grill Locations","1999","8","o","",""
"2050","","Hefner","","","The Fidelity Wars","1999","9","o","",""
"18077","The","Helio Sequence","","","Young Effectuals","2001","6","o","",""
"103","Richard","Hell &amp; The Voidoids","","","Blank Generation","1977","9","o","",""
"5946","","Hendrix","","","Band of Gypsys","1970","8","o","",""
"11","The Jimi","Hendrix Experience","","","Are You Experienced","1967","8","o","",""
"10","The Jimi","Hendrix Experience","","","Are You Experienced?","1967","7","o","",""
"2325","The Jimi","Hendrix Experience","","","Axis: Bold as Love","1967","8","o","",""
"2161","The Jimi","Hendrix Experience","","","Electric Ladyland","1968","6","o","",""
"518480","Pierre","Henry","","","Mise en musique du Corticalart de Roger Lafosse","1971","0","w","",""
"1291447","","Hercules &amp; Love Affair","","","Hercules and Love Affair","2008","7","o","",""
"207297","","Hermeto","","","Hermeto","1970","0","w","","CD"
"911328","Stephen","Hero","","","57 Stars of the Air Almanac","2007","0","w","",""
"28401","Stephen","Hero","","","Darkness &amp; the Day","2002","0","w","",""
"20509","Bernard","Herrmann","","","Taxi Driver","1976","0","w","","CD"
"3167647","The","Heshoo Beshoo Group","","","Armitage Road","1971","8","n","",""
"8912651","Haley","Heynderickx","","","I Need to Start a Garden","2018","8","n","",""
"27427","Bill","Hicks","","","Flying Saucer Tour Vol. 1","2002","8","o","",""
"292393","Bill","Hicks","","","I'm Sorry Folks","1989","7","o","",""
"18946","Bill","Hicks","","","Rant in E-minor","1997","9","o","",""
"167009","","High Rise","","","High Rise II","1986","7","n","",""
"62408","","Hilmar Örn Hilmarsson &amp; Sigur Rós","","","Angels of the Universe","2001","5","o","",""
"1525693","","Hilotrons","","","Happymatic","2008","7","o","",""
"8659","","His Name Is Alive","","","Mouth by Mouth","1993","7","o","",""
"9657","Robyn","Hitchcock","","","Black Snake Diamond Role","1981","7","o","",""
"9661","Robyn","Hitchcock","","","I Often Dream of Trains","1984","9","o","",""
"9659","Robyn","Hitchcock 'n' The Egyptians","","","Queen Elvis","1989","6","n","",""
"643097","Robyn","Hitchcock &amp; The Venus 3","","","Olé! Tarantula","2006","7","o","",""
"9662","Robyn","Hitchcock and The Egyptians","","","Element of Light","1986","8","o","",""
"9658","Robyn","Hitchcock and The Egyptians","","","Fegmania!","1985","9","o","",""
"7324","Robyn","Hitchcock and The Egyptians","","","Gotta Let This Hen Out!","1985","8","o","",""
"698883","","Holden","","","The Idiots Are Winning","2006","7","o","",""
"93336","","Holiday","","","Ready, Steady, Go!","1996","6","o","",""
"12374","Billie","Holiday &amp; Ray Ellis and His Orchestra","","","Lady in Satin","1958","0","w","","CD"
"285577","Dave","Holland Big Band","","","Overtime","2005","5","o","",""
"28848","Mark","Hollis","","","Mark Hollis","1998","9","o","",""
"6604529","Julia","Holter","","","Have You in My Wilderness","2015","9","n","",""
"13716","The","Holy Modal Rounders","","","The Holy Modal Rounders","1964","0","w","","CD"
"121713","The","Homosexuals","","","The Homosexuals' CD","2004","8","o","",""
"121703","The","Homosexuals","","","The Homosexuals' Record","1984","8","o","",""
"1016536","","honeydip","","","Portable Audio Science","1999","8","n","",""
"28738","John Lee","Hooker","","","The Legendary Modern Recordings 1948-1954","1993","0","w","","CD"
"160215","","Hope of the States","","","The Lost Riots","2004","6","o","",""
"378825","The","Hospitals","","","I've Visited the Island of Jocks and Jazz","2005","5","o","",""
"776325","The","Hotel Alexis","","","Goliath, I'm On Your Side","2007","6","o","",""
"71505","The","House of Love","","","1986-88: The Creation Recordings","2001","8","o","",""
"695516","The","House of Love","","","The House of Love","1988","8","o","",""
"3977","The","House of Love","","","The House of Love","1990","8","o","",""
"80472","","Houston Symphony / London Philharmonic / Leopold Stokowski / János Ferencsik","","","Concerto for Orchestra / Psalmus Hungaricus","1994","8","o","",""
"113077","","Howlin' Wolf","","","Howlin' Wolf","1962","0","w","","CD"
"155518","","Howlin' Wolf","","","Moanin' in the Moonlight","1959","0","w","","CD"
"107998","","HṚṢṬA","","","L'éclat du ciel était insoutenable","2001","6","o","",""
"268977","","HṚṢṬA","","","Stem Stem in Electro","2005","5","o","",""
"15756876","Yu-Ching","Huang","","","The Crystal Hum","2024","8","n","",""
"105602","Keith","Hudson","","","Pick a Dub","1994","0","w","","CD"
"4900","","Hum","","","Downward Is Heavenward","1998","6","o","",""
"4899","","Hum","","","You'd Prefer an Astronaut","1995","7","n","",""
"1990163","The","Hunches","","","Exit Dreams","2009","4","o","",""
"1096","","Hüsker Dü","","","Candy Apple Grey","1986","5","o","",""
"1095","","Hüsker Dü","","","Flip Your Wig","1985","5","o","",""
"1094","","Hüsker Dü","","","New Day Rising","1985","9","o","",""
"1097","","Hüsker Dü","","","Warehouse: Songs and Stories","1987","6","o","",""
"1093","","Hüsker Dü","","","Zen Arcade","1984","8","o","",""
"26988","Bobby","Hutcherson","","","Dialogue","1965","6","o","",""
"2003239","The","Hylozoists","","","L'île de sept villes","2009","7","o","",""
"30881","","Ice Cube","","","AmeriKKKa's Most Wanted","1990","8","o","",""
"18940","","Ice Cube","","","Death Certificate","1991","8","o","",""
"23317","","Ice-T","","","O.G. Original Gangster","1991","6","o","",""
"18363","The","Icicle Works","","","The Icicle Works","1984","6","o","",""
"846","","Iggy and The Stooges","","","Raw Power","1973","8","o","",""
"133227","","I Love You but I've Chosen Darkness","","","I Love You but I've Chosen Darkness","2003","7","o","",""
"2488155","","Impetuous Ritual","","","Relentless Execution of Ceremonial Excrescence","2009","3","u","",""
"146835","The","Impressions","","","Keep On Pushing","1964","7","o","",""
"111993","The","Impressions","","","People Get Ready","1965","7","o","",""
"91460","The","Impressions","","","The Young Mods' Forgotten Story","1969","0","w","","CD"
"146833","The","Impressions","","","This Is My Country","1968","0","w","","CD"
"95473","The","Inbreds","","","Winning Hearts","1998","7","o","",""
"4635","The","Incredible String Band","","","Earthspan","1972","6","o","",""
"4626","The","Incredible String Band","","","The Hangman's Beautiful Daughter","1968","0","w","","CD"
"2301247","Os","Incríveis","","","Los Increibles","1965","7","o","",""
"711960","Os","Incríveis","","","Os Incríveis","1969","7","o","",""
"24743","","Information Society","","","Information Society","1988","7","o","",""
"1493569","The","Instruments","","","Dark Småland","2008","7","o","",""
"19719","","International Submarine Band","","","Safe at Home","1968","6","o","",""
"6518595","The","Internet","","","Ego Death","2015","7","n","",""
"165902","","Interpol","","","Antics","2004","7","o","",""
"17997","","Interpol","","","Turn On the Bright Lights","2002","7","o","",""
"47677","","Into Paradise","","","Churchtown","1991","6","o","",""
"11874390","","Iress","","","Flaw","2020","7","n","",""
"25135","","Iron &amp; Wine","","","The Creek Drank the Cradle","2002","8","o","",""
"78534","","Iron &amp; Wine","","","The Sea &amp; the Rhythm","2003","8","n","",""
"116825","","Iron + Wine","","","Our Endless Numbered Days","2004","7","o","",""
"2549416","","Isbells","","","Isbells","2009","6","o","",""
"25138","","Isis","","","Oceanic","2002","6","o","",""
"301585","","Isolée","","","We Are Monster","2005","8","o","",""
"12740681","Vijay","Iyer /  Linda May Han Oh / Tyshawn Sorey","","","Uneasy","2021","7","n","",""
"22636","","Jack","","","Pioneer Soundtracks","1996","6","n","",""
"78431","","Jackie-O Motherfucker","","","Fig. 5","2000","7","o","",""
"78432","","Jackie-O Motherfucker","","","Liberation","2001","0","w","","CD"
"2448","Michael","Jackson","","","Off the Wall","1979","8","n","",""
"1990","Michael","Jackson","","","Thriller","1982","8","o","","LP"
"213","The","Jam","","","All Mod Cons","1978","7","o","",""
"379","The","Jam","","","In the City","1977","5","o","",""
"381","The","Jam","","","Setting Sons","1979","5","o","",""
"382","The","Jam","","","Sound Affects","1980","6","o","",""
"706947","Ahmad","Jamal Trio","","","At the Pershing / But Not for Me","1997","6","o","",""
"128416","Ahmad","Jamal Trio","","","But Not for Me: Ahmad Jamal Trio at the Pershing","1958","6","o","",""
"30358","The Ahmad","Jamal Trio","","","Ahmad's Blues","1994","6","o","",""
"6331807","","Jamie xx","","","In Colour","2015","10","n","",""
"15892388","","Jamie xx","","","In Waves","2024","9","n","",""
"3560","","Janet","","","The Velvet Rope","1997","9","n","",""
"36367","Bert","Jansch","","","Bert Jansch","1965","6","o","",""
"57655","Bert","Jansch","","","Moonshine","1973","7","o","",""
"5333","","Japan","","","Gentlemen Take Polaroids","1980","7","o","",""
"5335","","Japan","","","Oil on Canvas","1983","6","o","",""
"5334","","Japan","","","Tin Drum","1981","6","o","",""
"12756452","","Japanese Breakfast","","","Jubilee","2021","8","n","",""
"11512192","Jneiro","Jarel","","","After a Thousand Years","2020","8","n","",""
"49401","The","Jayhawks","","","Rainy Day Music","2003","5","o","",""
"10341561","","Jay Som","","","Anak Ko","2019","8","n","",""
"7013146","","Jay Som","","","Turn Into","2016","7","n","",""
"25613","","JAY-Z","","","Reasonable Doubt","1996","8","o","",""
"96442","","JAY-Z","","","The Black Album","2003","7","o","",""
"2309","","JAY-Z","","","The Blueprint","2001","6","o","",""
"14256","The","Jazz Butcher","","","A Scandal in Bohemia","1984","0","w","","Wishlist"
"398852","","J Dilla","","","Donuts","2006","8","o","",""
"5231","","Jefferson Airplane","","","Surrealistic Pillow","1967","6","n","",""
"6380121","Carly Rae","Jepsen","","","E·MO·TION","2015","8","n","",""
"227238","","Jesu","","","Jesu","2004","7","o","",""
"514145","","Jesu","","","Silver","2006","6","o","",""
"1358834","","Je suis animal","","","Self-Taught Magic From a Book","2008","7","o","",""
"1056","The","Jesus and Mary Chain","","","Darklands","1987","8","o","",""
"1058","The","Jesus and Mary Chain","","","Honey's Dead","1992","7","o","",""
"1055","The","Jesus and Mary Chain","","","Psychocandy","1985","9","o","",""
"3667624","","Jesuslesfilles","","","Une belle table","2010","9","o","",""
"741","The","Jesus Lizard","","","Goat","1991","6","o","",""
"742","The","Jesus Lizard","","","Liar","1992","6","o","",""
"5843","","Jethro Tull","","","Aqualung","1971","5","o","",""
"12724504","","JID","","","The Forever Story","2022","7","n","",""
"181871","","Joan of Arc","","","Joan of Arc, Dick Cheney, Mark Twain...","2004","6","o","",""
"54240","Antônio Carlos","Jobim","","","Urubu","1976","7","o","",""
"33237","Antônio Carlos","Jobim","","","Wave","1967","7","o","",""
"33235","Tom","Jobim","","","Matita Perê","1973","6","o","",""
"298727","Jan","Johansson","","","Jazz på svenska","1964","8","o","",""
"1209","Elton","John","","","Goodbye Yellow Brick Road","1973","5","o","",""
"64541","Blind Willie","Johnson","","","Dark Was the Night","1998","7","o","",""
"33729","Linton Kwesi","Johnson","","","Making History","1984","6","o","",""
"11441","Robert","Johnson","","","King of the Delta Blues Singers","1961","8","n","",""
"150300","Dan","Johnston","","","The What of Whom","1982","5","o","",""
"59276","Daniel","Johnston","","","Hi, How Are You?","1983","6","o","",""
"10554","Daniel","Johnston","","","Yip / Jump Music","1983","7","o","",""
"712038","Jim","Jones","","","A Dipset X-Mas","2006","4","o","",""
"12134449","Lyric","Jones","","","Closer Than They Appear","2020","6","n","",""
"1381256","The","Jones","","","Music to Watch Girls Dance","1967","7","o","",""
"5593","Janis","Joplin","","","Pearl","1971","5","o","",""
"14139","","Josef K","","","The Only Fun in Town","1981","6","o","",""
"545","","Joy Division","","","Closer","1980","8","o","",""
"33813","","Joy Division","","","Transmission / Novelty","1980","0","u","","CD"
"544","","Joy Division","","","Unknown Pleasures","1979","9","o","",""
"8912509","","JPEGMAFIA","","","Veteran","2018","6","n","",""
"36511","","June of 44","","","Engine Takes to the Water","1995","5","o","",""
"8915","Damien","Jurado","","","Ghost of David","2000","6","o","",""
"658267","","Justice","","","† [Cross]","2007","7","o","",""
"11947960","","Jyoti","","","Mama, You Can Bet!","2020","6","n","",""
"570217","Si","Kahn","","","New Wood","1974","8","o","",""
"45454","","Katydids","","","Katydids","1990","6","o","",""
"10050903","","Kedr Livanskiy","","","Your Need","2019","7","n","",""
"601705","","Keiji Haino &amp; Sitaar Tah!","","","Animamima","2006","5","o","",""
"14929179","","Kelela","","","Raven","2023","8","n","",""
"8431905","","Kelela","","","Take Me Apart","2017","9","n","",""
"24196","Nusrat Fateh Ali","Khan &amp; Michael Brook","","","Night Song","1996","6","o","",""
"8986","Nusrat Fateh Ali","Khan &amp; Party","","","Devotional Songs","1992","8","o","",""
"10908","Nusrat Fateh Ali","Khan &amp; Party","","","Love Songs","1992","0","w","","CD"
"8731771","","Khruangbin","","","Con todo el mundo","2018","7","n","",""
"94019","","Kid606","","","Kill Sound Before Sound Kills You","2003","5","o","",""
"32327","Angélique","Kidjo","","","Ayé","1994","5","o","",""
"9186703","","KIDS SEE GHOSTS","","","Kids See Ghosts","2018","7","n","",""
"11366","","Killing Joke","","","Killing Joke","1980","8","o","",""
"11532","","Killing Joke","","","Revelations","1982","6","o","",""
"28662","Albert","King","","","Born Under a Bad Sign","1967","0","w","","CD"
"5499","Carole","King","","","Tapestry","1971","6","o","",""
"2328","","King Crimson","","","In the Court of the Crimson King","1969","6","o","",""
"6543","","King Crimson","","","Red","1974","6","o","",""
"1487850","","Kingdom Shore","","","... And All the Dogs to Shark","2007","5","o","",""
"1475349","","King Khan and The Shrines","","","The Supreme Genius of King Khan and The Shrines","2008","7","o","",""
"597298","The","King of Luxembourg","","","Royal Bastard","1987","6","o","",""
"104975","","King Tubby and Friends","","","Dub Gone Crazy: The Evolution of Dub at King Tubby's 1975-1979","1994","0","w","","CD"
"107234","","King Tubby Meets Roots Radics","","","Dangerous Dub","1996","0","w","","CD"
"4649","The","Kinks","","","Arthur or the Decline and Fall of the British Empire","1969","10","o","",""
"50434","The","Kinks","","","BBC Sessions 1964-1977","2001","8","o","",""
"2941","The","Kinks","","","Face to Face","1966","9","o","",""
"4645","The","Kinks","","","Kinda Kinks","1965","7","o","",""
"9349","The","Kinks","","","Lola Versus Powerman and the Moneygoround (Part One)","1970","8","o","",""
"15171","The","Kinks","","","Misfits","1978","6","n","",""
"9350","The","Kinks","","","Muswell Hillbillies","1971","9","o","",""
"4650","The","Kinks","","","Something Else by The Kinks","1967","10","o","",""
"4648","The","Kinks","","","The Kinks Are the Village Green Preservation Society","1968","10","o","",""
"31922","Rahsaan Roland","Kirk","","","Blacknuss","1972","6","o","",""
"26374","Rahsaan Roland","Kirk","","","Bright Moments","1974","10","o","",""
"56896","Rahsaan Roland","Kirk","","","Prepare Thyself to Deal With a Miracle","1973","6","o","",""
"290432","Rahsaan Roland","Kirk","","","Roland Kirk's Finest Hour","2001","5","o","",""
"43554","Rahsaan Roland","Kirk","","","The Case of the 3 Sided Dream in Audio Color","1975","5","o","",""
"31923","Roland","Kirk","","","The Inflated Tear","1968","9","o","",""
"56700","The Roland","Kirk Quartet","","","Rip, Rig and Panic","1965","6","o","",""
"1443","","Kitchens of Distinction","","","Cowboys and Aliens","1994","6","o","",""
"1446","","Kitchens of Distinction","","","Love Is Hell","1989","8","o","",""
"1445","","Kitchens of Distinction","","","Strange Free World","1991","8","o","",""
"1444","","Kitchens of Distinction","","","The Death of Cool","1992","9","o","",""
"8898433","Hayley","Kiyoko","","","Expectations","2018","8","n","",""
"431363","Fikret","Kızılok","","","Zaman Zaman","1983","0","w","",""
"1876021","","klaus&amp;kinski","","","Tu hoguera está ardiendo","2008","9","n","",""
"72746","The","Knife","","","Deep Cuts","2003","9","o","",""
"474362","The","Knife","","","Silent Shout","2006","7","o","",""
"291212","The","Knife","","","The Knife","2001","6","o","",""
"3035667","Omar El","Knitri and Said Dade","","","Omar El Knitri avec Said Dade","2000","7","o","",""
"11885361","Gordon","Koang","","","Unity","2020","7","n","",""
"187440","","Komeda Quintet","","","Astigmatic","1966","7","n","",""
"3315590","","Konntinent","","","Down With Candy","2011","5","o","",""
"2511614","","Kowloon Walled City","","","Gambling on the Richter Scale","2009","4","o","",""
"5481","","Kraftwerk","","","Autobahn","1974","8","o","",""
"51445","","Kraftwerk","","","Computerwelt","1981","6","o","",""
"4726","","Kraftwerk","","","The Man-Machine","1978","7","o","",""
"2624","","Kraftwerk","","","Trans-Europe Express","1977","7","o","",""
"2474892","","Krallice","","","Dimensional Bleedthrough","2009","5","o","",""
"124941","","Kraut","","","An Adjustment to Society","1983","5","o","",""
"553773","","Kris Kringle","","","Sodom","1971","6","o","",""
"347065","Michio","Kurihara","","","Sunset Notes","2005","8","o","",""
"2145276","Miles","Kurosky","","","The Desert of Shallow Effects","2010","7","o","",""
"562392","Fela Anikulapo","Kuti &amp; Africa 70","","","Ikoyi Blindness","1976","8","n","",""
"33363","Fela Ransome","Kuti &amp; Africa 70","","","Expensive Shit","1975","10","n","",""
"193187","Fela Anikulapo","Kuti &amp; Egypt 80","","","Beasts of No Nation","1989","8","n","",""
"223179","Fela Anikulapo","Kuti &amp; His Africa '70","","","Unknown Soldier","1979","8","n","",""
"77816","Fela Ransome","Kuti &amp; The Africa '70","","","Open &amp; Close","1971","8","n","",""
"1759111","Fela Ransome","Kuti &amp; The Africa 70","","","Alagbon Close","1974","8","n","",""
"1825650","Fela","Kuti &amp; The Africa 70 with Ginger Baker","","","Why Black Man Dey Suffer","1971","8","n","",""
"30878","Fela Anikulapo","Kuti and Afrika 70","","","Zombie","1977","9","n","",""
"78346","Fela Aníkúlápó","Kuti and Afrika 70","","","No Agreement","1977","8","n","",""
"237348","Fela Anikulapo","Kuti and the Afrika 70","","","International Thief Thief","1979","7","n","",""
"77812","Fela Anikulapo","Kuti and the Afrika 70","","","Shuffering and Shmiling","1978","8","n","",""
"14076","","Kyuss","","","Blues for the Red Sun","1992","7","o","",""
"14077","","Kyuss","","","Kyuss [Welcome to Sky Valley]","1994","9","o","",""
"1229","The","La's","","","The La's","1990","7","o","",""
"175152","","Labradford","","","Peel Sessions","1994","6","o","",""
"14601","","Labradford","","","Prazision LP","1993","6","o","",""
"103333","The","Lackloves","","","As Far As You Know","2000","7","o","",""
"313098","","Ladytron","","","Witching Hour","2005","7","o","",""
"8244763","Mon","Laferte","","","La trenza","2017","7","n","",""
"14926349","Natalia","Lafourcade","","","De todas las flores","2022","8","n","",""
"863","","Laika","","","Silver Apples of the Moon","1994","7","o","",""
"864","","Laika","","","Sounds of the Satellites","1997","6","o","",""
"9393929","","Lala Lala","","","The Lamb","2018","7","n","",""
"8191615","Kendrick","Lamar","","","Damn.","2017","8","n","",""
"3597082","Kendrick","Lamar","","","Good Kid, M.A.A.D City","2012","9","o","",""
"14687591","Kendrick","Lamar","","","Mr. Morale &amp; the Big Steppers","2022","7","n","",""
"6286502","Kendrick","Lamar","","","To Pimp a Butterfly","2015","9","n","",""
"7214045","Kendrick","Lamar","","","Untitled Unmastered.","2016","8","n","",""
"956","","Lambchop","","","How I Quit Smoking","1996","6","o","",""
"553661","Guilherme","Lamounier","","","Guilherme Lamounier","1973","7","o","",""
"2589349","Daniel","Land &amp; The Modern Painters","","","Love Songs for the Chemical Generation LP","2009","8","n","",""
"9479545","","Lando Chill","","","Black Ego","2018","7","n","",""
"306680","","Language of Flowers","","","Songs About You","2004","9","n","",""
"21061","Daniel","Lanois","","","Acadie","1989","4","o","",""
"14218","Pete","La Roca","","","Basra","1965","7","n","",""
"134924","","Last Exit","","","Last Exit","1986","7","o","",""
"11037","The","Last Poets","","","The Last Poets","1970","7","o","",""
"26606","Yusef","Lateef","","","Eastern Sounds","1964","9","o","",""
"98041","Yusef","Lateef","","","Psychicemotus","1966","8","n","",""
"11769333","Mary","Lattimore","","","Silver Ladders","2020","7","n","",""
"1220448","Eric","Lau","","","New Territories","2008","6","o","",""
"85787","","Laughing Clowns","","","The Laughing Clowns","1980","5","o","",""
"689791","","LCD Soundsystem","","","45:33: Nike+ Original Run","2006","7","o","",""
"155662","","LCD Soundsystem","","","LCD Soundsystem","2005","7","o","",""
"712947","","LCD Soundsystem","","","Sound of Silver","2007","8","o","",""
"2829672","","LCD Soundsystem","","","This Is Happening","2010","8","n","",""
"31411","","Leadbelly","","","Leadbelly's Last Sessions Volume One","1953","0","w","","CD"
"111066","Nara","Leão","","","Dez anos depois","1971","10","n","",""
"105614","Nara","Leão","","","Nara","1964","8","n","",""
"38986","Nara","Leão","","","Nara Leão","1968","6","o","",""
"587689","Nara","Leão","","","Opinião de Nara","1964","8","n","",""
"2029","","Led Zeppelin","","","Houses of the Holy","1973","7","o","",""
"700360","","Led Zeppelin","","","Led Zeppelin","1969","6","o","",""
"42","","Led Zeppelin","","","Led Zeppelin II","1969","7","o","",""
"2028","","Led Zeppelin","","","Led Zeppelin III","1970","6","o","",""
"43","","Led Zeppelin","","","Led Zeppelin [IV]","1971","7","o","",""
"2030","","Led Zeppelin","","","Physical Graffiti","1975","5","o","",""
"38987","Rita","Lee","","","Build Up","1970","6","o","",""
"124629","Thomas","Leer &amp; Robert Rental","","","The Bridge","1979","0","w","","CD"
"27466","The","Left Banke","","","Walk Away Renée / Pretty Ballerina","1967","7","o","",""
"15922568","MJ","Lenderman","","","Manning Fireworks","2024","8","n","",""
"9460063","Adrianne","Lenker","","","Abysskiss","2018","8","n","",""
"15627457","Adrianne","Lenker","","","Bright Future","2024","8","n","",""
"16425432","Adrianne","Lenker","","","Live at Revolution Hall","2025","9","n","",""
"11967755","Adrianne","Lenker","","","Songs","2020","9","n","",""
"114","John","Lennon","","","Imagine","1971","6","o","",""
"113","John","Lennon / Plastic Ono Band","","","John Lennon / Plastic Ono Band","1970","6","o","",""
"191048","","Lenny Valentino","","","Uwaga! Jedzie tramwaj","2001","9","o","",""
"61196","Craig","Leon","","","Nommos","1981","7","o","",""
"23282","","Let's Active","","","Big Plans for Everybody","1986","6","o","",""
"9103587","","Let's Eat Grandma","","","I'm All Ears","2018","7","n","",""
"828756","","Lewis &amp; Clarke","","","Blasts of Holy Birth","2007","7","o","",""
"46246","","Lightning Bolt","","","Wonderful Rainbow","2003","8","o","",""
"22560","The","Lilac Time","","","&amp; Love for All","1990","6","o","",""
"56172","The","Lilac Time","","","Paradise Circus","1989","7","o","",""
"17285","","LiLiPUT","","","Liliput","1982","0","w","","CD"
"15091578","","Lil Yachty","","","Let's Start Here.","2023","8","n","",""
"25122","","Lilys","","","Eccsame the Photon Band","1995","8","o","",""
"488054","","Lilys","","","Everything Wrong Is Imaginary","2006","6","o","",""
"81544","","Lilys","","","Tone Bender","1993","7","o","",""
"14234","Arto","Lindsay","","","Mundo civilizado","1997","0","w","","CD"
"14236","Arto","Lindsay","","","Prize","1999","6","o","",""
"174112","Arto","Lindsay / Ambitious Lovers","","","Envy","1984","6","o","",""
"1396307","","Lindstrøm","","","Where You Go I Go Too","2008","8","o","",""
"10891549","Dua","Lipa","","","Future Nostalgia","2020","7","n","",""
"69854","","Liquid Liquid","","","Liquid Liquid","1997","0","w","","CD"
"9685662","","Little People","","","Landloper","2019","8","n","",""
"37365","","Little Richard","","","Here's Little Richard","1957","7","o","",""
"11611185","","Liv.e","","","Couldn't Wait to Tell You...","2020","7","n","",""
"1411","","Live","","","Throwing Copper","1994","2","o","",""
"554981","","Liverpool","","","Por favor, sucesso","1969","6","o","",""
"716848","The","Liverpool Echo","","","The Liverpool Echo","1973","6","o","",""
"7697604","","Lizzo","","","Coconut Oil","2016","7","n","",""
"269389","Os","Lobos","","","Miragem","1971","6","o","",""
"11082149","","Locate S,1","","","Personalia","2020","7","n","",""
"2625727","","Lone","","","Ecstasy &amp; Friends","2009","7","o","",""
"34983","","Long Fin Killie","","","Houdini","1995","8","o","",""
"781624","","Loop","","","A Gilded Eternity","1990","6","o","",""
"38627","","Loose Fur","","","Loose Fur","2003","6","o","",""
"309905","Jorge","López Ruiz","","","Bronca Buenos Aires","1971","6","n","",""
"8111538","","Lorde","","","Melodrama","2017","7","n","",""
"4734162","","Lorde","","","Pure Heroine","2013","9","n","",""
"14251","The","Lounge Lizards","","","The Lounge Lizards","","7","o","",""
"102294","The","Louvin Brothers","","","Satan Is Real","1959","7","o","",""
"1276","","Love","","","Da Capo","1966","0","w","","CD"
"1277","","Love","","","Forever Changes","1967","4","o","",""
"6169","","Love and Rockets","","","Express","1986","6","o","",""
"6171","","Love and Rockets","","","Love and Rockets","1989","5","o","",""
"6168","","Love and Rockets","","","Seventh Dream of Teenage Heaven","1985","6","o","",""
"469211","","Loveletter","","","Beethoven Chopin Kitchen Fraud","1999","4","o","",""
"9820","","Lovesliescrushing","","","Xuvetyn","1996","7","o","",""
"25150","Lyle","Lovett","","","Lyle Lovett","1986","2","o","",""
"18450","","Low","","","Christmas","1999","8","n","",""
"9324566","","Low","","","Double Negative","2018","8","n","",""
"13272216","","Low","","","Hey What","2021","9","n","",""
"18447","","Low","","","I Could Live in Hope","1994","9","o","",""
"9535","","Low","","","Long Division","1995","9","o","",""
"308410","","Low","","","Murderer","2003","8","o","",""
"9534","","Low","","","Secret Name","1999","8","n","",""
"18448","","Low","","","The Curtain Hits the Cast","1996","8","o","",""
"5377","","Low","","","Things We Lost in the Fire","2001","8","o","",""
"22651","","Low","","","Trust","2002","8","n","",""
"33153","","Low &amp; Dirty Three","","","In the Fishtank 7","2001","7","o","",""
"1016","Nick","Lowe","","","Jesus of Cool","1978","7","o","",""
"1017","Nick","Lowe","","","Labour of Lust","1979","6","o","",""
"39968","The","Lucksmiths","","","Happy Secret","1999","6","o","",""
"114874","","Lunachicks","","","Luxury Problem","1999","5","o","",""
"386634","Corb","Lund","","","Hair in My Eyes Like a Highland Steer","2005","4","o","",""
"42338","","Luomo","","","Vocalcity","2000","8","o","",""
"8571","","Lush","","","Gala","1990","10","o","",""
"4729","","Lush","","","Lovelife","1996","9","n","",""
"4730","","Lush","","","Split","1994","10","n","",""
"8572","","Lush","","","Spooky","1992","9","o","",""
"8990569","La","Luz","","","Floating Features","2018","6","n","",""
"196799","","Lync","","","Remembering the Fireballs (Part 8)","1997","0","w","","CD"
"196795","","Lync","","","These Are Not Fall Colors","1994","0","w","","CD"
"149429","Loretta","Lynn","","","Van Lear Rose","2004","7","o","",""
"3406","","Lynyrd Skynyrd","","","Second Helping","1974","4","o","","LP"
"197511","","M83","","","Before the Dawn Heals Us","2005","6","o","",""
"58572","","M83","","","Dead Cities, Red Seas &amp; Lost Ghosts","2003","7","o","",""
"1227165","","M83","","","Saturdays = Youth","2008","6","o","",""
"337262","The Juan","Maclean","","","Less Than Human","2005","6","o","",""
"142671","","Madvillain","","","Madvillainy","2004","7","o","",""
"7407","","Magazine","","","Real Life","1978","8","o","",""
"17247","","Magazine","","","Secondhand Daylight","1979","8","o","",""
"10896","","Magazine","","","The Correct Use of Soap","1980","7","o","",""
"11037137","","Magdalena Bay","","","A Little Rhythm and a Wicked Feeling","2020","8","n","",""
"15948236","","Magdalena Bay","","","Imaginal Disk","2024","9","n","",""
"13311674","","Magdalena Bay","","","Mercurial World","2021","9","n","",""
"53613","","Magic Sam Blues Band","","","Black Magic","1969","6","o","",""
"201","The","Magnetic Fields","","","69 Love Songs","1999","9","o","",""
"745","The","Magnetic Fields","","","The Charm of the Highway Strip","1994","7","o","",""
"12264","Taj","Mahal","","","Taj Mahal","1968","0","w","","CD"
"13931","The","Mahavishnu Orchestra with John McLaughlin","","","The Inner Mounting Flame","1971","7","o","",""
"64511","Tim","Maia","","","Tim Maia","1970","8","n","",""
"154119","Tim","Maia Racional","","","Tim Maia Racional vol. 1","1975","9","o","",""
"179949","","Mainliner","","","Mellow Out","1996","0","w","","CD"
"2093492","","Major Lazer","","","Guns Don't Kill People... Lazers Do","2009","6","o","",""
"14373","","Malaria!","","","Emotion","1982","0","w","","CD"
"9753848","","Malibu Ken","","","Malibu Ken","2019","7","n","",""
"10412271","Kali","Malone","","","The Sacrificial Code","2019","8","n","",""
"34610","The","Mamas &amp; The Papas","","","16 of Their Greatest Hits","1986","6","o","","LP"
"11930886","","Mameen 3","","","Incunabula EP","2020","6","n","",""
"553644","","Manduka","","","Manduka","1972","8","o","",""
"3352696","","Mane Mane","","","Mane 2 Mane","2011","5","o","",""
"388","","Manic Street Preachers","","","The Holy Bible","1994","7","o","",""
"50596","","Manitoba","","","Up in Flames","2003","6","o","",""
"2638","Aimee","Mann","","","I'm With Stupid","1996","0","o","",""
"2344217","","Mannequin Men","","","Lose Your Illusion, Too","2009","6","o","",""
"15506738","","Mannequin Pussy","","","I Got Heaven","2024","9","n","",""
"10219498","","Mannequin Pussy","","","Patience","2019","9","n","",""
"7848","","Mano Negra","","","Puta's Fever","1989","0","w","","CD"
"14375","","Mantronix","","","Music Madness","1986","0","w","","CD"
"89673","","Mantronix","","","The Album","1985","7","o","",""
"2608372","","Marijata","","","This Is Marijata","1976","9","n","",""
"158148","","Marine Girls","","","Lazy Ways","1983","5","o","",""
"715514","","Marine Research","","","Parallel Horizontal","1999","8","n","",""
"1726757","","Marine Research","","","Queen B / Y.Y.U.B","1998","8","n","",""
"14344","","Marine Research","","","Sounds From the Gulf Stream","1999","8","o","",""
"3118","Bob","Marley &amp; The Wailers","","","Catch a Fire","1973","8","o","",""
"3115","Bob","Marley &amp; The Wailers","","","Exodus","1977","8","o","",""
"4940","Bob","Marley &amp; The Wailers","","","Natty Dread","1974","8","o","",""
"2004","Bob","Marley and The Wailers","","","Legend: The Best of Bob Marley and the Wailers","1984","7","o","",""
"9237091","","Marlowe","","","Marlowe","2018","6","n","",""
"55442","The","Mars Volta","","","De-Loused in the Comatorium","2003","3","o","",""
"4741","John","Martyn","","","Bless the Weather","1971","7","o","",""
"5047","John","Martyn","","","Solid Air","1973","8","n","",""
"101172","J","Mascis","","","Martin + Me","1996","7","o","",""
"520591","Hugh","Masekela","","","The Chisa Years 1965-1975 (Rare and Unreleased)","2006","9","n","",""
"5585","Dave","Mason","","","Alone Together","1970","6","o","",""
"462035","Jordaan","Mason","","","Make Blankets Your Yard","2005","6","o","",""
"2539","","Massive Attack","","","Blue Lines","1991","0","w","","CD"
"479549","","Massive Attack","","","Heligoland","2010","6","o","",""
"2542","","Massive Attack","","","Mezzanine","1998","7","o","",""
"9261248","","Matchess","","","Sacracorpa","2018","6","n","",""
"344339","","Matisyahu","","","Shake Off the Dust... Arise","2004","6","o","",""
"102973","","Matmos","","","The Civil War","2003","6","o","",""
"431410","","Mavi Işıklar","","","Mavi Işıklar","1969","0","w","",""
"140372","Derrick","May","","","Innovator: Soundtrack for the Tenth Planet","1991","0","w","","CD"
"233420","Michael","Mayer","","","Immer","2002","7","o","",""
"4600","Curtis","Mayfield","","","Curtis","1970","8","o","",""
"4599","Curtis","Mayfield","","","Superfly","1972","9","o","",""
"1243","","Mazzy Star","","","Among My Swan","1996","9","n","",""
"1241","","Mazzy Star","","","She Hangs Brightly","1990","8","n","",""
"1242","","Mazzy Star","","","So Tonight That I Might See","1993","9","n","",""
"7783","","MC5","","","Back in the USA","1970","7","o","",""
"7782","","MC5","","","Kick Out the Jams","1969","7","o","",""
"30312","Les","McCann &amp; Eddie Harris","","","Swiss Movement","1969","7","o","",""
"1473","Paul","McCartney and Wings","","","Band on the Run","1973","6","o","",""
"11767357","Makaya","McCraven","","","Universal Beings E&amp;F Sides","2020","6","n","",""
"33477","Ian","McCulloch","","","Candleland","1989","6","o","",""
"23159","Kate &amp; Anna","McGarrigle","","","Heartbeats Accelerating","1990","7","o","",""
"11903","Kate &amp; Anna","McGarrigle","","","Kate &amp; Anna McGarrigle","1976","0","w","","CD"
"23161","Kate &amp; Anna","McGarrigle","","","The McGarrigle Hour","1998","6","o","",""
"1886177","Mark","McGuire","","","Amethyst Waves","2008","7","o","",""
"14364","Jackie","McLean","","","Destination Out!","1964","0","w","","CD"
"15997","Blind Willie","McTell","","","The Definitive Blind Willie McTell","1994","8","o","",""
"38","","Meat Puppets","","","Meat Puppets II","1984","5","o","",""
"1081","","Meat Puppets","","","Up on the Sun","1985","6","o","",""
"28442","Joe","Meek &amp; The Blue Men","","","I Hear a New World: An Outer Space Music Fantasy","1991","8","o","",""
"1281137","Os ","Megatons","","","Os Megatons","1965","7","n","",""
"77117","Brad","Mehldau","","","Elegiac Cycle","1999","5","o","",""
"46069","","Mekons","","","Fear and Whiskey","1985","8","o","",""
"1415","","Mekons","","","The Mekons Rock 'n' Roll","1989","9","o","",""
"63086","The","Mekons","","","The Quality of Mercy Is Not Strnen","1979","7","o","",""
"11128676","","Melenas","","","Días raros","2020","8","n","",""
"8836865","","Melenas","","","Melenas","2017","7","n","",""
"422463","Myra","Melford &amp; Han Bennink","","","Eleven Ghosts","1997","5","o","",""
"4080464","","Melody's Echo Chamber","","","Melody's Echo Chamber","2012","9","n","",""
"24497","The","Members","","","At the Chelsea Night Club","1979","0","w","","CD"
"9168661","Javiera","Mena","","","Espejo","2018","7","n","",""
"695603","Javiera","Mena","","","Esquemas juveniles","2006","8","o","",""
"3085038","Javiera","Mena","","","Mena","2010","9","o","",""
"14793474","Javiera","Mena","","","Nocturna","2022","7","n","",""
"5901813","Javiera","Mena","","","Otra era","2014","10","n","",""
"4866852","Javiera","Mena","","","Primeras composiciones 2000-2003","2013","8","n","",""
"100069","","Menomena","","","I Am the Fun Blame Monster","2003","7","o","",""
"5258","","Mercury Rev","","","Boces","1993","6","o","",""
"2629","","Mercury Rev","","","Deserter's Songs","1998","7","o","",""
"2628","","Mercury Rev","","","Yerself Is Steam","1991","8","o","",""
"8769137","Hailu","Mergia","","","Lala Belu","2018","6","n","",""
"11544944","","Meridian Brothers","","","Cumbia Siglo XXI","2020","7","n","",""
"4158065","","Meridian Brothers","","","Desesperanza","2012","8","n","",""
"1593","","Metallica","","","Master of Puppets","1986","6","o","",""
"7778","The","Meters","","","Rejuvenation","1974","9","o","",""
"7774","The","Meters","","","The Meters","1969","8","o","",""
"15127","","Method Man","","","Tical","1994","7","o","",""
"185833","","MF DOOM","","","Mm..Food","2004","8","n","",""
"1050773","","MGMT","","","Oracular Spectacular","2008","5","o","",""
"13721","","Michael Hurley, The Unholy Modal Rounders, Jeffrey Fredericks &amp; The Clamtones","","","Have Moicy!","1976","6","o","",""
"3048126","","Mickey Brown","","","Vision Quest","2010","5","o","",""
"2642","The","Microphones","","","&#34;The Glow&#34; Pt. 2","2001","10","o","",""
"2641","The","Microphones","","","It Was Hot, We Stayed in the Water","2000","8","o","",""
"11643355","The","Microphones","","","Microphones in 2020","2020","9","n","",""
"37920","The","Microphones","","","Mount Eerie","2003","7","o","",""
"658064","","Mid-State Orange","","","Odds","2006","0","w","",""
"900872","The","Mighty Lemon Drops","","","Happy Head","1986","8","o","",""
"86370","The","Mighty Lemon Drops","","","Out of Hand","1987","7","o","",""
"4181656","","Miguel","","","Kaleidoscope Dream","2012","8","n","",""
"6443494","","Miguel","","","Wildheart","2015","8","n","",""
"12134","The","Millennium","","","Begin","1968","6","o","",""
"557697","","Milton","","","Milton","1970","7","o","",""
"29966","","Mineral","","","The Power of Failing","1996","8","o","",""
"17906","","Mingus","","","The Black Saint and the Sinner Lady","1963","9","o","",""
"11221","Charles","Mingus","","","Let My Children Hear Music","1972","7","n","",""
"11222","Charles","Mingus","","","Mingus Ah Um","1959","10","n","",""
"757","Charles","Mingus","","","Mingus Mingus Mingus Mingus Mingus","1964","8","n","",""
"10544","Charles","Mingus","","","Oh Yeah","1962","6","o","",""
"756","Charlie","Mingus","","","Blues &amp; Roots","1960","9","n","",""
"17385","Charlie","Mingus","","","Tijuana Moods","1962","7","n","",""
"754","The Charlie","Mingus Jazz Workshop","","","Pithecanthropus erectus","1956","7","n","",""
"18131","","Minor Threat","","","Complete Discography","1989","7","o","",""
"8875329","","Mint Field","","","Pasar de las luces","2018","6","n","",""
"1108","","Minutemen","","","Buzz or Howl Under the Influence of Heat","1983","7","o","",""
"1110","","Minutemen","","","Double Nickels on the Dime","1984","8","o","",""
"694574","","Mirafiori","","","No podemos volver a casa","2006","8","n","",""
"15540","","Mirah","","","Advisory Committee","2002","9","o","",""
"1965688","","Mirah","","","(a)spera","2009","7","o","",""
"132175","","Mirah","","","C'mon Miracle","2004","7","o","",""
"15541","","Mirah","","","Storageland","1997","7","o","",""
"15543","","Mirah","","","You Think It's Like This but Really It's Like This","2000","8","o","",""
"17269","","Mission of Burma","","","Signals, Calls, and Marches","1981","8","o","",""
"7602","","Mission of Burma","","","Vs.","1982","8","o","",""
"9468534","","Miss World","","","Keeping Up with Miss World","2018","6","n","",""
"63018","The","Misunderstood","","","Before the Dream Faded","1982","0","w","","CD"
"3287","Joni","Mitchell","","","Blue","1971","6","o","","LP"
"4871","Joni","Mitchell","","","Court and Spark","1974","6","o","",""
"7171","Joni","Mitchell","","","Hejira","1976","6","o","",""
"15651","Joni","Mitchell","","","Night Ride Home","1991","4","o","",""
"3282","Joni","Mitchell","","","Taming the Tiger","1998","4","o","",""
"7172","Joni","Mitchell","","","The Hissing of Summer Lawns","1975","4","n","",""
"3283","Joni","Mitchell","","","Turbulent Indigo","1994","4","o","",""
"80505","Roscoe","Mitchell Sextet","","","Sound","1967","5","o","",""
"9252665","","Mitski","","","Be the Cowboy","2018","6","n","",""
"318994","","Mixtapes &amp; Cellmates","","","Juno EP","2005","5","o","",""
"11746452","","MJ Guider","","","Sour Cherry Bell","2020","7","n","",""
"22562","","Mobb Deep","","","The Infamous","1995","8","o","",""
"22187","Hank","Mobley","","","No Room for Squares","1964","9","n","",""
"14663","Hank","Mobley","","","Roll Call","1961","9","n","",""
"17825","Hank","Mobley","","","Soul Station","1960","9","n","",""
"11928","","Moby Grape","","","Moby Grape","1967","8","o","",""
"49387","","Modern Eon","","","Fiction Tales","1981","0","w","","CD"
"17815","","Modern Lovers","","","Modern Lovers 'Live'","1977","7","o","",""
"12136","The","Modern Lovers","","","The Modern Lovers","1976","10","o","",""
"2632","","Modest Mouse","","","The Lonesome Crowded West","1997","8","o","",""
"2634","","Modest Mouse","","","The Moon &amp; Antarctica","2000","8","o","",""
"2631","","Modest Mouse","","","This Is a Long Drive for Someone With Nothing to Think About","1996","7","n","",""
"187565","","Modesty Blaise","","","Melancholia","2001","7","o","",""
"98585","","Módulo 1000","","","Não fale com paredes","1972","7","o","",""
"855","","Mogwai","","","Come On Die Young","1999","6","o","",""
"51493","","Mogwai","","","Happy Songs for Happy People","2003","8","o","",""
"853","","Mogwai","","","Mogwai Young Team","1997","9","o","",""
"340474","","Mogwai","","","Mr. Beast","2006","6","o","",""
"856","","Mogwai","","","Ten Rapid","1997","8","o","",""
"686128","","Mogwai","","","Zidane: A 21st Century Portrait","2006","5","o","",""
"2543","","Mojave 3","","","Ask Me Tomorrow","1995","9","o","",""
"2545","","Mojave 3","","","Excuses for Travellers","2000","7","o","",""
"2544","","Mojave 3","","","Out of Tune","1998","7","o","",""
"71112","","Mojave 3","","","Spoon and Rafter","2003","8","o","",""
"2105902","","Mokira","","","Persona","2009","5","o","",""
"1457538","The","Mole","","","As High as the Sky","2008","6","o","",""
"15972","The","Moles","","","Untune the Sky","1991","8","o","",""
"120565","Jason","Molina","","","Pyramid Electric Co","2004","6","o","",""
"1881643","","MoMo","","","Buscador","2008","8","o","",""
"9003624","Janelle","Monáe","","","Dirty Computer","2018","5","n","",""
"3189060","","Monday Machines","","","Monday Machines","2010","7","o","",""
"12817","Meredith","Monk","","","Dolmen Music","1981","5","o","",""
"770","Thelonious","Monk","","","Brilliant Corners","1957","8","n","",""
"4870","Thelonious","Monk","","","Straight, No Chaser","1967","7","n","",""
"18474","The","Monkees","","","Pisces, Aquarius, Capricorn &amp; Jones Ltd.","1967","7","o","","LP"
"17350","The Thelonious","Monk Quartet","","","Monk's Dream","1963","7","o","",""
"7469","","Monks","","","Black Monk Time","1966","9","o","",""
"13802","Thelonious","Monk Septet","","","Monk's Music","1957","7","o","",""
"162649","","MONO","","","One Step More and You Die","2003","7","o","",""
"33148","","MONO","","","Under the Pipal Tree","2001","6","o","",""
"14669","The","Monochrome Set","","","Love Zombies","1980","7","o","",""
"33411","The","Monochrome Set","","","Strange Boutique","1980","8","o","",""
"138866","The","Monorchid","","","Let Them Eat... The Monorchid","1997","5","o","",""
"438338","","Monoshock","","","Walk to the Fire","1995","5","o","",""
"2788476","","Montevideo","","","Vértigo y euforia","2010","7","n","",""
"20115","Wes","Montgomery","","","Full House","1962","6","o","",""
"18119","Wes","Montgomery","","","The Incredible Jazz Guitar of Wes Montgomery","1960","8","n","",""
"28519","","Moondog","","","Moondog","1969","9","o","",""
"28520","","Moondog","","","Moondog 2","1971","7","o","",""
"70938","","Moondog","","","Moondog / Moondog 2","2000","0","w","","CD"
"2903451","","Moonhearts","","","Moonhearts","2010","5","o","",""
"9578","Thurston","Moore","","","Psychic ♥♥♥'s","1995","7","o","",""
"3318909","Thurston","Moore","","","VDSQ Solo Acoustic Volume Five","2011","4","o","",""
"239463","Jason","Moran","","","Same Mother","2005","5","o","",""
"27342","Lee","Morgan","","","Search for the New Land","1966","8","n","",""
"24832","Lee","Morgan","","","The Sidewinder","1964","8","n","",""
"5990","","Morphine","","","Cure for Pain","1993","8","o","",""
"5991","","Morphine","","","Yes","1995","7","o","",""
"7855","Ennio","Morricone","","","Il buono, il brutto, il cattivo","1966","8","o","",""
"1316","Ennio","Morricone","","","The Ennio Morricone Anthology: A Fistful of Film Music","1995","0","w","","CD"
"356","Van","Morrison","","","Astral Weeks","1968","8","o","",""
"3678","Van","Morrison","","","Enlightenment","1990","6","o","",""
"5487","Van","Morrison","","","Into the Music","1979","7","o","",""
"286945","Van","Morrison","","","Magic Time","2005","5","o","",""
"357","Van","Morrison","","","Moondance","1970","8","o","","LP"
"10501","Van","Morrison","","","Saint Dominic's Preview","1972","9","o","",""
"2560","Van","Morrison","","","Tupelo Honey","1971","7","o","",""
"4656","Van","Morrison","","","Veedon Fleece","1974","7","o","",""
"2919","","Morrissey","","","Vauxhall and I","1994","8","o","",""
"2923","","Morrissey","","","Viva Hate","1988","7","o","",""
"71850","","Morrissey","","","You Are the Quarry","2004","7","o","",""
"1503175","","Moscow Olympics","","","Cut the World","2008","6","o","",""
"10127","The","Mothers of Invention","","","Absolutely Free","1967","6","o","",""
"3651","The","Mothers of Invention","","","Freak Out!","1966","5","o","",""
"10128","The","Mothers of Invention","","","We're Only in It for the Money","1968","5","o","",""
"15321","","Motorpsycho","","","Timothy's Monster","1994","8","o","",""
"33890","The","Mountain Goats","","","All Hail West Texas","2002","9","o","",""
"87482","The","Mountain Goats","","","Beautiful Rat Sunset","1994","6","o","",""
"267258","The","Mountain Goats","","","Hot Garden Stomp","1993","6","o","",""
"33892","The","Mountain Goats","","","Nine Black Poppies","1995","7","o","",""
"264505","The","Mountain Goats","","","The Sunset Tree","2005","8","o","",""
"87473","The","Mountain Goats","","","Zopilote Machine","1994","6","o","",""
"203560","","Mount Eerie","","","Seven New Songs of &#34;Mount Eerie&#34;","2005","6","o","",""
"2090028","","Mount Kimbie","","","Maybes","2009","8","o","",""
"2411927","","Mount Kimbie","","","Sketch on Glass","2009","7","o","",""
"8530","","Mouse on Mars","","","Autoditacker","1997","6","o","",""
"42162","","Mouse on Mars","","","Rost Pocks - The EP Collection","2003","8","o","",""
"2250528","","Mouthful of Bees","","","Mouthful of Bees","2009","7","o","",""
"106595","The","Moving Sidewalks","","","Flash","1969","6","o","",""
"12351","","Muddy Waters","","","Muddy Waters at Newport 1960","1960","0","w","","CD"
"37380","","Muddy Waters","","","The Chess Box","1989","8","o","",""
"2644","","Mudhoney","","","Superfuzz Bigmuff Plus Early Singles","1990","7","o","",""
"165444","Jay","Munly","","","Jimmy Carter Syndrome","2002","4","o","",""
"11678167","Angela","Muñoz","","","Adrian Younge presents Angela Munoz Introspection","2020","6","n","",""
"262460","Róisín","Murphy","","","Ruby Blue","2005","7","o","",""
"38450","","Mushroom","","","Foxy Music","2001","5","o","",""
"8602","","Mutantes","","","A divina comédia ou ando meio desligado","1970","9","o","",""
"8604","","Mutantes","","","Jardim elétrico","1971","6","o","",""
"783","","Mutantes","","","Mutantes","1969","8","o","",""
"784","","Mutantes","","","Mutantes e seus cometas no país do baurets","1972","4","o","",""
"782","Os","Mutantes","","","Os Mutantes","1968","10","o","",""
"45581","The","Mutton Birds","","","Envy of Angels","1997","6","o","",""
"5068","","my bloody valentine","","","Glider","1990","8","o","",""
"354","","my bloody valentine","","","Isn't Anything","1988","8","o","",""
"355","","my bloody valentine","","","Loveless","1991","10","o","",""
"4398657","","my bloody valentine","","","m b v","2013","6","n","",""
"82553","","my bloody valentine","","","Strawberry Wine / Never Say Goodbye / Can I Touch You","1987","8","o","",""
"5194","","my bloody valentine","","","Tremolo E.P.","1991","9","o","",""
"8409","","my bloody valentine","","","You Made Me Realise","1988","8","o","",""
"153442","","My Dad Is Dead","","","The Taller You Are, the Shorter You Get","1989","9","o","",""
"12145","","My Morning Jacket","","","At Dawn","2001","10","o","",""
"218173","","My Morning Jacket","","","Chapter 1 The Sandworm Cometh: Early Recordings","2004","7","o","",""
"94615","","My Morning Jacket","","","Chocolate and Ice","2002","6","n","",""
"1303157","","My Morning Jacket","","","Evil Urges","2008","5","o","",""
"80752","","My Morning Jacket","","","It Still Moves","2003","10","o","",""
"625893","","My Morning Jacket","","","Okonokos","2006","7","o","",""
"34984","","My Morning Jacket","","","The Tennessee Fire","1999","7","o","",""
"345439","","My Morning Jacket","","","Z","2005","6","o","",""
"115561","","My Morning Jacket / Songs: Ohia","","","My Morning Jacket / Songs: Ohia","2002","7","o","",""
"174711","Youssou","N'Dour et le Super Étoile de Dakar","","","Vol. 8 : Immigrés / Bitim rew","1984","9","o","",""
"2683420","","Nada Surf","","","If I Had a Hi-Fi","2010","7","o","",""
"280929","Marissa","Nadler","","","The Saga of Mayflower May","2005","7","o","",""
"277575","The","Names","","","Swimming","1982","6","o","",""
"11082","","Nas","","","Illmatic","1994","10","o","",""
"11083","","Nas","","","It Was Written","1996","6","o","",""
"59256","Milton","Nascimento","","","Caçador de mim","1981","6","o","",""
"28501","Milton","Nascimento","","","Courage","1969","0","w","","CD"
"59253","Milton","Nascimento","","","Milagre dos peixes","1973","7","o","",""
"357373","Milton","Nascimento","","","Milton Nascimento","1969","7","o","",""
"59266","Milton","Nascimento","","","Minas","1975","8","n","",""
"474879","Milton","Nascimento","","","Travessia","1978","7","o","",""
"35500","Milton","Nascimento &amp; Lô Borges","","","Clube da esquina","1972","8","o","",""
"1581887","","Natalie Portman's Shaved Head","","","Glistening Pleasure","2008","4","o","",""
"256492","The","National","","","Alligator","2005","5","o","",""
"807633","The","National","","","Boxer","2007","6","o","",""
"94806","The","National","","","The National","2001","0","w","","CD"
"33152","The","Nation of Ulysses","","","Plays Pretty for Baby","1992","7","o","",""
"694802","","Natural Snow Buildings","","","The Dance of the Moon and the Sun","2006","8","o","",""
"12130029","Aquiles","Navarro &amp; Tcheser Holmes","","","Heritage of the Invisible II","2020","6","n","",""
"4811","","Nazz","","","Nazz","1968","8","o","",""
"8920664","","Negative Gemini","","","Bad Baby","2018","6","n","",""
"15676","Les","Négresses vertes","","","Mlah","1989","0","w","","CD"
"34907","Fred","Neil","","","Fred Neil","1967","7","o","",""
"982762","Oliver","Nelson","","","The Blues and the Abstract Truth","1961","8","o","",""
"33899","Willie","Nelson","","","Always on My Mind","1982","6","o","","LP"
"28605","Willie","Nelson","","","Phases and Stages","1974","0","o","","LP"
"6350","Willie","Nelson","","","Red Headed Stranger","1975","8","o","",""
"3223","Willie","Nelson","","","Stardust","1978","8","o","","LP"
"52780","Willie","Nelson","","","The Sound in Your Mind","1976","7","o","","LP"
"54029","Michael","Nesmith","","","The Newer Stuff","1989","5","o","",""
"46601","Michael","Nesmith &amp; The First National Band","","","Loose Salute","1970","7","o","",""
"31618","Michael","Nesmith &amp; The First National Band","","","Magnetic South","1970","8","o","",""
"2645","","NEU!","","","NEU!","1972","8","o","",""
"6215","","NEU!","","","NEU! 2","1973","7","o","",""
"6216","","NEU!","","","NEU! '75","1975","7","o","",""
"1245","","Neutral Milk Hotel","","","In the Aeroplane Over the Sea","1998","10","o","",""
"1244","","Neutral Milk Hotel","","","On Avery Island","1996","7","o","",""
"14815","The","Neville Brothers","","","Brother's Keeper","1990","5","o","",""
"14817","The","New Age Steppers","","","The New Age Steppers","1981","0","w","","CD"
"19610","Colin","Newman","","","A-Z","1980","8","o","",""
"27339","Randy","Newman","","","Good Old Boys","1974","5","o","",""
"13054","Randy","Newman","","","Sail Away","1972","0","w","","CD"
"20693","","New Model Army","","","The Ghost of Cain","1986","6","o","",""
"20694","","New Model Army","","","Thunder and Consolation","1989","7","o","",""
"30877","","New Musik","","","Anywhere","1981","0","w","","CD"
"2534","","New Order","","","Low-Life","1985","7","o","",""
"308550","","New Order","","","Power, Corruption &amp; Lies","1983","8","o","",""
"2531","","New Order","","","Substance","1987","8","o","",""
"2536","","New Order","","","Technique","1989","7","o","",""
"52346","The","New Pornographers","","","Electric Version","2003","7","o","",""
"4609","The","New Pornographers","","","Mass Romantic","2000","7","o","",""
"313905","The","New Pornographers","","","Twin Cinema","2005","4","o","",""
"140503","Joanna","Newsom","","","The Milk-Eyed Mender","2004","6","o","",""
"636623","Joanna","Newsom","","","Ys","2006","5","o","",""
"58576","","New Wet Kojak","","","Do Things","2000","0","w","","CD"
"58575","","New Wet Kojak","","","Nasty International","1997","0","w","","CD"
"10004","","New York Dolls","","","New York Dolls","1973","8","o","",""
"672","","Nico","","","Chelsea Girl","1967","7","o","",""
"8429","","Nico","","","Desertshore","1970","7","o","",""
"8428","","Nico","","","The Marble Index","1968","7","n","",""
"390470","","Nicolay","","","City Lights Volume 1.5","2005","7","o","",""
"83717","","Nils","","","Sell Out Young","1985","8","o","",""
"19118","","Nilsson","","","Nilsson Schmilsson","1971","7","o","",""
"1711","","Nine Inch Nails","","","The Downward Spiral","1994","7","o","",""
"128","","Nirvana","","","In Utero","1993","6","o","",""
"126","","Nirvana","","","Nevermind","1991","7","o","",""
"1946176","","Nite Jewel","","","Good Evening","2008","7","o","",""
"2638536","","Nite Jewel","","","You F O","2009","6","o","",""
"93287","","Noitalinna Huraa!","","","Kalan silmä","1988","8","o","",""
"93289","","Noitalinna Huraa!","","","Kolinaa","1991","7","o","",""
"93288","","Noitalinna Huraa!","","","Varjotarha","1989","7","o","",""
"11473797","","No Joy","","","Motherhood","2020","7","n","",""
"29683","","NoMeansNo","","","Wrong","1989","6","o","",""
"715316","","Nord Express","","","Nord Express","1996","7","o","",""
"14342","","Northern Picture Library","","","Alaska","1993","8","o","",""
"379357","","Northern Picture Library","","","Paris / Norfolk Windmills","1994","8","o","",""
"553657","Marconi","Notaro","","","No sub reino dos metazoários","1973","7","o","",""
"16160","The","Notorious B.I.G.","","","Life After Death","1997","6","o","",""
"9079","The","Notorious B.I.G.","","","Ready to Die","1994","7","o","",""
"62051","The","Notwist","","","12","1995","6","o","",""
"116408","The","Notwist","","","Different Cars and Trains","2004","7","n","",""
"12067","The","Notwist","","","Neon Golden","2002","10","o","",""
"21361","The","Notwist","","","Shrink","1998","8","o","",""
"92642","","Nova Mob","","","The Last Days of Pompeii","1991","0","w","","CD"
"503443","","Novos Baianos","","","Acabou chorare","1972","10","n","",""
"9758632","","Nubiyan Twist","","","Jungle Run","2019","7","n","",""
"442463","","Nujabes","","","Modal Soul","2005","8","n","",""
"8035","Gary","Numan","","","The Pleasure Principle","1979","8","o","",""
"193826","","Numbers","","","Add Up","1980","7","o","",""
"9763","","Nurse With Wound","","","Soliloquy for Lilith","1988","4","o","",""
"11140","","N.W.A","","","Straight Outta Compton","1989","7","o","",""
"169374","","Nymphomatriarch","","","Nymphomatriarch","2003","4","u","","CD"
"11469","Laura","Nyro","","","Eli and the Thirteenth Confession","1968","6","o","",""
"11860745","Jenny","O.","","","New Truth","2020","8","n","",""
"8576","Jim","O'Rourke","","","Bad Timing","1997","6","o","",""
"2976","Jim","O'Rourke","","","Eureka","1999","7","o","",""
"8587","Jim","O'Rourke","","","Insignificance","2001","7","o","",""
"31","","Oasis","","","Definitely Maybe","1994","7","o","",""
"35","","Oasis","","","(What's the Story) Morning Glory?","1995","7","o","",""
"7630705","Frank","Ocean","","","Blonde","2016","10","n","",""
"4040583","Frank","Ocean","","","Channel Orange","2012","10","n","",""
"11854787","","Oceanator","","","Things I Never Said","2020","7","n","",""
"500967","","of Montreal","","","Deflated Chime, Foals Slightly Flower Sibylline Responses","2006","7","o","",""
"480487","","of Montreal","","","Hissing Fauna, Are You the Destroyer?","2007","9","o","",""
"721925","","of Montreal","","","Icons, Abstract Thee","2007","6","o","",""
"125590","","of Montreal","","","Satanic Panic in the Attic","2004","8","o","",""
"1069728","","of Montreal","","","Skeletal Lamping","2008","6","o","",""
"12143","","of Montreal","","","The Gay Parade","1999","7","o","",""
"246262","","of Montreal","","","The Sunlandic Twins","2005","8","o","",""
"10917","","Ohio Players","","","Pain","1972","0","w","","CD"
"22614","","Ol' Dirty Bastard","","","Return to the 36 Chambers: The Dirty Version","1995","8","o","",""
"8790486","","Olden Yolk","","","Olden Yolk","2018","6","n","",""
"28202","Will","Oldham","","","Joya","1997","7","o","",""
"2098989","","Oliver North Boy Choir","","","Blackmail","2009","0","w","",""
"1623620","","Oliver North Boy Choir","","","The Massive Oliver North Boy Choir 2007 Girl Collection","2007","0","w","",""
"2646","The","Olivia Tremor Control","","","Black Foliage: Animation Music Volume 1","1999","8","o","",""
"2025","The","Olivia Tremor Control","","","Music From the Unrealized Film Script, Dusk at Cubist Castle","1996","8","o","",""
"165515","","Ollabelle","","","Ollabelle","2004","5","o","",""
"10496615","Angel","Olsen","","","All Mirrors","2019","9","n","",""
"14594743","Angel","Olsen","","","Big Time","2022","8","n","",""
"4996952","Angel","Olsen","","","Burn Your Fire for No Witness","2014","9","n","",""
"7439555","Angel","Olsen","","","My Woman","2016","10","n","",""
"8601428","Angel","Olsen","","","Phases","2017","8","n","",""
"3075173","Angel","Olsen","","","Strange Cacti","2010","9","n","",""
"11823715","Angel","Olsen","","","Whole New Mess","2020","8","n","",""
"8410059","","Omni","","","Multi-Task","2017","7","n","",""
"131987","","On!Air!Library!","","","On!Air!Library!","2004","7","o","",""
"3990774","","Ondatrópica","","","Ondatrópica","2012","8","o","",""
"1591242","","Oneida","","","Preteen Weaponry","2008","7","o","",""
"110952","","Oneida","","","Secret Wars","2004","5","o","",""
"29497","The","Only Ones","","","Even Serpents Shine","1979","7","o","",""
"71148","","Opal","","","Early Recordings","1989","0","w","","CD"
"10925","","Orange Juice","","","You Can't Hide Your Love Forever","1982","7","o","",""
"17275","","Orchestral Manoeuvres in the Dark","","","Orchestral Manoeuvres in the Dark","1980","7","o","",""
"3010999","The","Orchids","","","She's My Girl","2010","7","n","",""
"63378","The","Orchids","","","Unholy Soul","1991","8","n","",""
"208115","The","Original Last Poets","","","Right On!","1971","6","o","",""
"182831","The","Original Sins","","","Big Soul","1987","0","w","","CD"
"199634","The","Original Sins","","","The Hardest Way","1989","0","w","","CD"
"10018102","Ela","Orleans","","","Movies for Ears","2019","6","n","",""
"2867","Beth","Orton","","","Trailer Park","1996","4","o","",""
"268491","Shuggie","Otis","","","Inspiration Information","1974","9","o","",""
"74948","Anne Sofie von","Otter Meets Elvis Costello","","","For the Stars","2001","5","o","",""
"28380","","Out Hud","","","S.T.R.E.E.T. D.A.D.","2002","7","o","",""
"7381","","Outkast","","","Aquemini","1998","9","o","",""
"7380","","Outkast","","","ATLiens","1996","8","n","",""
"94519","Agustus","Pablo","","","King Tubbys Meets Rockers Uptown","1977","8","o","",""
"74423","Augustus","Pablo","","","East of the River Nile","1977","8","o","",""
"1891633","The","Pains of Being Pure at Heart","","","The Pains of Being Pure at Heart","2009","7","o","",""
"2977","","Palace Brothers","","","Palace Brothers","1994","7","n","",""
"8635","","Palace Music","","","Viva Last Blues","1995","7","o","",""
"55602","The","Paladins","","","Let's Buzz","1990","6","o","",""
"402","The","Pale Fountains","","","...From Across the Kitchen Table","1985","6","o","",""
"8565","","Pale Saints","","","In Ribbons","1992","8","o","",""
"8562","","Pale Saints","","","The Comforts of Madness","1990","8","o","",""
"723260","","Panda Bear","","","Person Pitch","2007","7","o","",""
"7982806","","Panopticon","","","The Scars of Man on the Once Nameless Wilderness","2018","7","n","",""
"2534696","","Pantha du Prince","","","Black Noise","2010","6","o","",""
"768903","","Pantha du Prince","","","This Bliss","2007","7","o","",""
"18071","","Papa M","","","Whatever, Mortal","2001","7","o","",""
"21860","Os","Paralamas do Sucesso","","","Hey Na Na","1998","0","w","","CD"
"26061","Graham","Parker &amp; The Rumour","","","Squeezing Out Sparks","1979","5","o","",""
"10932","Van Dyke","Parks","","","Discover America","1972","8","o","",""
"8804","Van Dyke","Parks","","","Song Cycle","1967","6","o","",""
"14338","","Parliament","","","Mothership Connection","1975","8","o","",""
"16241","Gram","Parsons","","","GP","1973","10","o","",""
"16242","Gram","Parsons","","","Grievous Angel","1974","9","o","",""
"16244","Gram","Parsons / The Flying Burrito Bros","","","Sleepless Nights","1976","0","w","","CD"
"356254","","Part Chimp","","","I Am Come","2005","6","o","",""
"19792","Dolly","Parton · Linda Ronstadt · Emmylou Harris","","","Trio","1987","7","o","","LP"
"485118","","Party Day","","","Simplicity","1986","5","o","",""
"2148699","","Passion Pit","","","Manners","2009","4","o","",""
"22901","The","Pastels","","","Mobile Safari","1995","8","o","",""
"22898","The","Pastels","","","Sittin' Pretty","1989","9","o","",""
"34684","The","Pastels","","","Truckload of Trouble (1986-1993)","1993","8","o","",""
"15013","The","Pastels","","","Up for a Bit With The Pastels","1987","7","o","",""
"15953","","Pato Fu","","","MTV ao vivo: Pato Fu no Museu de Arte da Pampulha","2002","0","w","","CD"
"5303","","Pato Fu","","","Rotomusic de Liquidificapum","1993","0","w","","CD"
"2650","","Pavement","","","Brighten the Corners","1997","7","o","",""
"133","","Pavement","","","Crooked Rain, Crooked Rain","1994","9","o","",""
"132","","Pavement","","","Slanted and Enchanted","1992","8","o","",""
"2652","","Pavement","","","Watery, Domestic","1992","7","o","",""
"2648","","Pavement","","","Wowee Zowee","1995","7","o","",""
"15100","Annette","Peacock","","","The Perfect Release","1979","6","o","",""
"3235340","","Peaking Lights","","","936","2011","8","o","",""
"134","","Pearl Jam","","","Ten","1991","6","o","",""
"16311","","Pearls Before Swine","","","Balaklava","1968","8","o","",""
"9537","","Pedro the Lion","","","It's Hard to Find a Friend","1998","7","o","",""
"9542","","Pedro the Lion","","","The Only Reason I Feel Secure","1999","6","o","",""
"9484740","","Peel Dream Magazine","","","Modern Meta Physic","2018","6","n","",""
"7650962","","Penny Penny","","","Yogo yogo","1996","5","n","",""
"15848","The","Pentangle","","","Basket of Light","1969","6","o","",""
"8225423","La","Pequeña Revancha","","","Falsos hermanos","2013","8","n","",""
"8225448","La","Pequeña Revancha","","","Pasos sincopados","2016","9","n","",""
"3339651","Austin","Peralta","","","Endless Planets","2011","6","o","",""
"17055","","Pere Ubu","","","Datapanik in the Year Zero","1978","0","w","","CD"
"793","","Pere Ubu","","","Dub Housing","1978","8","o","",""
"792","","Pere Ubu","","","The Modern Dance","1978","8","o","",""
"133349","The","Perfect Disaster","","","Up","1989","5","o","",""
"71233","Linda","Perhacs","","","Parallelograms","1970","0","w","",""
"2656","","Pernice Brothers","","","Overcome by Happiness","1998","7","o","",""
"10935","Lee","Perry","","","Roast Fish, Collie Weed &amp; Corn Bread","1978","0","o","",""
"181104","Lee &#34;Scratch&#34;","Perry","","","Super Ape Inna Jungle","1995","7","o","",""
"12141195","Ralph","Peterson and the Messenger Legacy","","","Onward and Upward","2020","8","n","",""
"116633","Oscar","Peterson Trio","","","On the Town With the Oscar Peterson Trio","1958","6","o","",""
"1788","Liz","Phair","","","Exile in Guyville","1993","7","o","",""
"153260","Sam","Phillips","","","A Boot and a Shoe","2004","5","o","",""
"16715","Sam","Phillips","","","Fan Dance","2001","4","o","",""
"16713","Sam","Phillips","","","Martinis &amp; Bikinis","1994","5","o","",""
"16714","Sam","Phillips","","","Omnipop (It's Only a Fleshwound Lambchop)","1996","4","o","",""
"102562","The","Philosopher Kings","","","The Philosopher Kings","1994","4","o","",""
"2032185","","Phoenix","","","Wolfgang Amadeus Phoenix","2009","7","o","",""
"3000401","","Pigeons","","","Si Faustine","2010","6","o","",""
"16347","","PiL","","","Metal Box","1979","6","o","",""
"35443","","PiL","","","Second Edition","1980","5","o","",""
"11107358","Lido","Pimienta","","","Miss Colombia","2020","10","n","",""
"337806","The","Pinkees","","","The Pinkees","1982","6","o","",""
"978","","Pink Floyd","","","Animals","1977","6","o","",""
"977","","Pink Floyd","","","A Saucerful of Secrets","1968","6","o","",""
"975","","Pink Floyd","","","Meddle","1971","7","o","",""
"976","","Pink Floyd","","","The Dark Side of the Moon","1973","6","o","",""
"1030","","Pink Floyd","","","The Piper at the Gates of Dawn","1967","8","o","",""
"969","","Pink Floyd","","","The Wall","1979","6","o","",""
"974","","Pink Floyd","","","Wish You Were Here","1975","7","o","",""
"151899","","Pink Turns Blue","","","If Two Worlds Kiss","1987","0","w","","CD"
"404123","Geraldo","Pino &amp; The Heartbeats","","","Heavy Heavy Heavy","2005","9","n","",""
"1090","","Pixies","","","Bossanova","1990","7","o","",""
"2655","","Pixies","","","Come On Pilgrim","1987","7","o","",""
"1089","","Pixies","","","Doolittle","1989","10","o","",""
"1088","","Pixies","","","Surfer Rosa","1988","8","o","",""
"697871","","Pixies","","","Trompe le monde","1991","7","o","",""
"33005","Los","Planetas","","","Super 8","1994","7","o","",""
"191039","","Plastic Bertrand","","","Ça plane pour moi","1978","0","w","","CD"
"1201620","","PNAU","","","PNAU","2007","7","o","",""
"10740","The","Pogues","","","If I Should Fall From Grace With God","1988","7","o","",""
"34705","The","Pogues","","","Peace and Love","1989","5","o","",""
"10769","The","Pogues","","","Rum Sodomy &amp; the Lash","1985","7","o","",""
"176852","","Poison Girls","","","Hex","1979","5","o","",""
"15032054","Caroline","Polachek","","","Desire, I Want to Turn Into You","2023","7","n","",""
"9825","","Polaris","","","Music From The Adventures of Pete &amp; Pete","1999","7","o","",""
"3225","Iggy","Pop","","","Lust for Life","1977","9","o","",""
"8078","Iggy","Pop","","","The Idiot","1977","8","o","",""
"17239","The","Pop Group","","","For How Much Longer Do We Tolerate Mass Murder?","1980","5","o","",""
"17237","The","Pop Group","","","Y","1979","6","o","",""
"44769","The","Popguns","","","Eugenie","1990","7","o","",""
"7970","","Popol Vuh","","","Hosianna Mantra","1972","8","o","",""
"16944","","Popol Vuh","","","In den Gärten Pharaos","1971","7","o","",""
"11499182","","Populous","","","W","2020","9","n","",""
"11042546","","Porridge Radio","","","Every Bad","2020","6","n","",""
"8908549","Ryan","Porter","","","The Optimist","2018","8","n","",""
"255900","Willy","Porter","","","Dog Eared Dream","1994","3","o","",""
"2660","","Portishead","","","Dummy","1994","6","o","",""
"2661","","Portishead","","","Portishead","1997","5","o","",""
"1263018","","Portishead","","","Third","2008","8","o","",""
"2383486","","Port O'Brien","","","Threadbare","2009","6","o","",""
"42636","The","Postal Service","","","Give Up","2003","5","n","",""
"36700","","Poster Children","","","Daisy Chain Reaction","1991","0","w","","CD"
"348382","","Pounding Serfs","","","Pounding Serfs","1988","5","o","",""
"540263","Baden","Powell","","","Apaixonado","1973","7","o","",""
"313103","Baden","Powell","","","Solitude on Guitar","1973","0","w","","CD"
"805","","Pram","","","The Museum of Imaginary Animals","2000","7","o","",""
"2728","","Prefab Sprout","","","Steve McQueen","1985","6","o","",""
"2658","","Prefuse 73","","","Vocal Studies + Uprock Narratives","2001","7","o","",""
"8279","Elvis","Presley","","","Elvis Presley","1956","7","o","",""
"3243","","Pretenders","","","Pretenders","1980","7","o","",""
"8256","The","Pretty Things","","","S.F. Sorrow","1968","6","o","",""
"7753509","","Priests","","","Nothing Feels Natural","2017","8","n","",""
"1715","","Primal Scream","","","Screamadelica","1991","8","o","",""
"3612","","Prince","","","1999","1982","6","o","",""
"3610","","Prince","","","Dirty Mind","1980","7","o","",""
"3577","","Prince","","","Sign &#34;☮︎&#34; the Times","1987","8","o","",""
"2584","","Prince and The Revolution","","","Purple Rain","1984","9","o","",""
"8865","","Prince Paul","","","A Prince Among Thieves","1999","7","o","",""
"30369","John","Prine","","","Bruised Orange","1978","5","o","",""
"22733","John","Prine","","","John Prine","1971","9","o","",""
"2353","","PRMLSCRM","","","XTRMNTR","2000","5","o","",""
"311775","","Prussian Blue","","","Fragment of the Future","2004","2","o","",""
"118021","Richard","Pryor","","","Are You Serious???","1977","7","o","",""
"80375","Richard","Pryor","","","...Is It Something I Said?","1975","7","o","",""
"19800","Richard","Pryor","","","That Nigger's Crazy","1974","9","o","",""
"5292","The","Psychedelic Furs","","","Talk Talk Talk","1981","6","o","",""
"14571","The","Psychedelic Furs","","","The Psychedelic Furs","1980","7","o","",""
"2856032","","Psychedelic Horseshit","","","Acid Tape","2010","5","o","",""
"2121697","","Pterodactyl","","","Worldwild","2009","6","o","",""
"7301","","Public Enemy","","","Apocalypse 91...The Enemy Strikes Black","1991","7","o","",""
"7300","","Public Enemy","","","Fear of a Black Planet","1990","8","o","",""
"7299","","Public Enemy","","","It Takes a Nation of Millions to Hold Us Back","1988","8","o","",""
"6124","","Public Enemy","","","Yo! Bum Rush the Show","1987","6","o","",""
"154389","Meerk","Puffy","","","Nung","2003","5","o","",""
"143","","Pulp","","","Different Class","1995","8","o","",""
"399","","Pulp","","","His 'n' Hers","1994","7","o","",""
"400","","Pulp","","","This Is Hardcore","1998","7","o","",""
"9543","","Pulsars","","","Pulsars","1997","5","o","",""
"1616938","","Punky's Dilemma","","","Echelon","2006","0","w","",""
"5262","","Puressence","","","Puressence","1996","6","o","",""
"10290521","","Purple Mountains","","","Purple Mountains","2019","9","n","",""
"9275699","","Pusha T","","","Daytona","2018","8","n","",""
"6940257","","Pusha T","","","King Push: Darkest Before Dawn - The Prelude","2015","7","n","",""
"16920","","Pussy Galore","","","Sugarshit Sharp","1988","6","o","",""
"27227","","Pylon","","","Chomp","1983","8","n","",""
"27226","","Pylon","","","Gyrate","1980","8","o","",""
"12072819","","Quakers","","","Quakers II: The Next Wave","2020","7","n","",""
"2982","","Quasi","","","Featuring &#34;Birds&#34;","1998","6","o","",""
"9549","","Quasi","","","The Sword of God","2001","6","n","",""
"15743589","","Queen of Jeans","","","All Again","2024","9","n","",""
"14775375","","Queen of Jeans","","","Hiding in Place","2022","9","n","",""
"10454456","","Queen of Jeans","","","If You're Not Afraid, I'm Not Afraid","2019","9","n","",""
"19286","","Queens of the Stone Age","","","Songs for the Deaf","2002","6","o","",""
"10006940","","Quelle Chris","","","Guns","2019","8","n","",""
"1735297","","Quest for Fire","","","Quest for Fire","2008","7","o","",""
"20441","Sun","Ra","","","Jazz in Silhouette","1959","8","o","",""
"39355","Sun","Ra","","","Lanquidity","1978","7","n","",""
"194536","Sun","Ra","","","The Lady With the Golden Stockings","1966","6","n","",""
"292409","Sun","Ra and His Arkestra","","","Sleeping Beauty","1979","8","n","",""
"9479321","","Rabbit Island","","","Deep in the Big","2018","6","n","",""
"176592","Hugo","Race &amp; The True Spirit","","","Spiritual Thirst","1993","6","o","",""
"82686","Hugo","Race and The True Spirit","","","Valley of Light","1996","5","o","",""
"9904","","Rachel's","","","The Sea and the Bells","1996","7","o","",""
"33367","","Radar Bros.","","","Radar Bros.","1996","7","o","",""
"85242","","Radio Birdman","","","Radios Appear","1977","0","w","","CD"
"101727","The","Radio Dept.","","","Lesser Matters","2003","7","n","",""
"1705","","Radiohead","","","Amnesiac","2001","7","o","",""
"7381986","","Radiohead","","","A Moon Shaped Pool","2016","6","n","",""
"56332","","Radiohead","","","Hail to the Thief","2003","5","o","",""
"1052924","","Radiohead","","","In Rainbows","2007","10","o","",""
"46","","Radiohead","","","Kid A","2000","10","o","",""
"45","","Radiohead","","","OK Computer","1997","10","o","",""
"47","","Radiohead","","","Pablo Honey","1993","5","o","",""
"44","","Radiohead","","","The Bends","1995","7","o","",""
"27682","","Raekwon","","","Only Built 4 Cuban Linx...","1995","8","o","",""
"504230","","Raekwon","","","Only Built 4 Cuban Linx... Pt II","2009","8","o","",""
"2697623","","Rafter","","","Animal Feelings","2010","6","o","",""
"45778","The","Railway Children","","","Reunion Wilderness","1987","6","o","",""
"8619","The","Raincoats","","","Odyshape","1981","7","o","",""
"8618","The","Raincoats","","","The Raincoats","1979","7","o","",""
"15744","The","Rain Parade","","","Emergency Third Rail Power Trip","1983","8","o","",""
"166785","","Raising the Fawn","","","The North Sea","2004","7","o","",""
"22806","Bonnie","Raitt","","","Bonnie Raitt","1971","6","o","",""
"22793","Bonnie","Raitt","","","Luck of the Draw","1991","3","o","",""
"141652","Les","Rallizes Dénudés","","","'77 Live","1991","7","o","",""
"807","","Ramones","","","Leave Home","1977","6","o","",""
"806","","Ramones","","","Ramones","1976","7","o","",""
"809","","Ramones","","","Road to Ruin","1978","7","o","",""
"808","","Ramones","","","Rocket to Russia","1977","7","o","",""
"121134","","RAMP","","","Come Into Knowledge","1977","7","o","",""
"77817","Fela","Ransome-Kuti &amp; The Africa '70","","","Afrodisiac","1973","7","n","",""
"34295","Fela","Ransome-Kuti &amp; The Africa 70","","","Confusion","1974","7","n","",""
"34296","Fela","Ransome Kuti &amp; The Afrika 70","","","Gentleman","1973","7","n","",""
"38755","Fela","Ransome-Kuti and The Africa '70 With Ginger Baker","","","Live!","1971","9","n","",""
"33364","Fẹla","Ransome-Kuti and The Africa 70","","","He Miss Road","1975","7","n","",""
"37479","","Rapeman","","","Two Nuns and a Pack Mule","1988","7","o","",""
"91476","The","Rapture","","","Echoes","2003","6","o","",""
"1442303","","Ratatat","","","LP3","2008","7","o","",""
"974817","The","Raveonettes","","","Lust Lust Lust","2007","8","n","",""
"3212140","","Reading Rainbow","","","Prism Eyes","2010","8","o","",""
"200223","The","Real Kids","","","The Real Kids","1978","6","o","",""
"592858","Jay","Reatard","","","Blood Visions","2006","6","o","",""
"1715292","Jay","Reatard","","","Matador Singles '08","2008","8","o","",""
"106134","The","Records","","","Crashes","1980","0","w","","CD"
"8436","The","Red Crayola with The Familiar Ugly","","","The Parable of Arable Land","1967","8","o","",""
"8282","Otis","Redding","","","Otis Blue: Otis Redding Sings Soul","1965","8","w","",""
"821","Otis","Redding","","","The Dock of the Bay","1968","8","o","",""
"7701","","Red House Painters","","","Down Colorful Hill","1992","7","o","",""
"7704","","Red House Painters","","","Ocean Beach","1995","8","o","",""
"7702","","Red House Painters","","","Red House Painters [Rollercoaster]","1993","7","o","",""
"7705","","Red House Painters","","","Songs for a Blue Guitar","1996","8","o","",""
"8437","The","Red Krayola","","","God Bless the Red Krayola and All Who Sail With It","1968","7","o","",""
"9161","","Red Stars Theory","","","Life in a Bubble Can Be Beautiful","1999","0","w","","CD"
"1745","Lou","Reed","","","Berlin","1973","7","o","",""
"1742","Lou","Reed","","","Coney Island Baby","1975","0","w","",""
"1749","Lou","Reed","","","Metal Machine Music: The Amine β Ring","1975","4","o","",""
"1761","Lou","Reed","","","New York","1989","6","o","",""
"1744","Lou","Reed","","","Transformer","1972","7","o","",""
"1762","Lou","Reed / John Cale","","","Songs for Drella","1990","5","o","",""
"13923","Elis","Regina &amp; Antônio Carlos Jobim","","","Elis &amp; Tom","1974","8","o","",""
"13083","Steve","Reich and Musicians","","","Music for 18 Musicians","1978","8","o","",""
"2214569","","Reigning Sound","","","Love and Curses","2009","7","o","",""
"267816","","Reigns","","","We Lowered a Microphone Into the Ground","2005","7","o","",""
"17644","","Rein Sanction","","","Mariposa","1992","5","o","",""
"26","","R.E.M.","","","Automatic for the People","1992","0","w","","CD"
"23","","R.E.M.","","","Document","1987","7","o","",""
"686290","","R.E.M.","","","Fables of the Reconstruction","1985","6","o","",""
"21","","R.E.M.","","","Fables of the Reconstruction","1985","6","o","",""
"24","","R.E.M.","","","Green","1988","7","o","",""
"686344","","R.E.M.","","","Lifes Rich Pageant","1986","6","o","",""
"22","","R.E.M.","","","Lifes Rich Pageant","1986","7","o","",""
"19","","R.E.M.","","","Murmur","1983","6","n","",""
"28","","R.E.M.","","","New Adventures in Hi-Fi","1996","6","o","",""
"25","","R.E.M.","","","Out of Time","1991","6","o","",""
"20","","R.E.M.","","","Reckoning","1984","7","o","",""
"17279","The","Replacements","","","Hootenanny","1983","6","o","",""
"7187","The","Replacements","","","Let It Be","1984","10","o","",""
"2398","The","Replacements","","","Pleased to Meet Me","1987","8","o","",""
"2574","The","Replacements","","","Tim","1985","9","o","",""
"737081","","Reptile House","","","I Stumble as the Crow Flies","1985","5","o","",""
"9422","The","Residents","","","Commercial Album","1980","7","o","",""
"28310","The","Residents","","","Eskimo","1979","8","o","",""
"13528","The","Residents","","","Fingerprince","1977","7","o","",""
"13529","The","Residents","","","God in Three Persons","1988","7","o","",""
"20518","The","Residents","","","Meet The Residents","1974","7","o","",""
"10584","The","Residents","","","Not Available","1978","7","o","",""
"9421","The","Residents","","","The Third Reich 'n Roll","1976","7","o","",""
"2525898","","Retribution Gospel Choir","","","2","2010","4","o","",""
"11969407","Eric","Revis","","","Slipknots Through a Looking Glass","2020","6","n","",""
"357920","","Revolving Paint Dream","","","Off to Heaven","1987","6","o","",""
"553797","Sérgio","Ricardo","","","Deus e o Diabo na terra do Sol","1963","6","o","",""
"18395","Damien","Rice","","","O","2003","6","o","",""
"12242","Robert","Rich &amp; B. Lustmord","","","Stalker","1995","7","o","",""
"159352","Jonathan","Richman","","","Having a Party With Jonathan Richman","1991","7","o","",""
"104326","Jonathan","Richman","","","I, Jonathan","1992","7","o","",""
"44061","Jonathan","Richman","","","Jonathan Goes Country","1990","6","o","",""
"104324","Jonathan","Richman","","","Jonathan Richman","1989","6","o","",""
"166671","Jonathan","Richman","","","Not So Much to Be Loved as to Love","2004","5","o","",""
"37395","Jonathan","Richman &amp; The Modern Lovers","","","Jonathan Richman &amp; the Modern Lovers","1976","7","o","",""
"34528","Jonathan","Richman &amp; The Modern Lovers","","","Jonathan Sings!","1983","6","o","",""
"104323","Jonathan","Richman &amp; The Modern Lovers","","","Modern Lovers 88","1988","7","o","",""
"18487","Jonathan","Richman &amp; The Modern Lovers","","","Rock 'n' Roll With The Modern Lovers","1977","7","o","",""
"14348","Jonathan","Richman &amp; The Modern Lovers","","","Rockin' and Romance","1985","7","o","",""
"2388","","Ride","","","Going Blank Again","1992","8","o","",""
"2387","","Ride","","","Nowhere","1990","9","o","",""
"8573","","Ride","","","Smile","1990","6","o","",""
"28445","Terry","Riley","","","A Rainbow in Curved Air","1969","7","o","",""
"28514","Terry","Riley","","","In C","1968","8","o","",""
"17270","","Rip Rig + Panic","","","God","1981","0","w","","CD"
"7439","","Rival Schools","","","United by Fate","2001","6","o","",""
"167375","Sam","Rivers","","","Contours","1967","0","w","","CD"
"21202","","RJD2","","","Deadringer","2002","7","o","",""
"178962","Max","Roach","","","We Insist! Max Roach's Freedom Now Suite","1960","5","o","",""
"15389255","Chappell","Roan","","","The Rise and Fall of a Midwest Princess","2023","10","n","",""
"7288","Marty","Robbins","","","Gunfighter Ballads and Trail Songs","1959","8","o","",""
"14721","Marty","Robbins","","","More Gunfighter Ballads and Trail Songs","1960","8","o","",""
"1268","Tom","Robinson Band","","","Power in the Darkness","1978","6","o","",""
"3129778","","Robyn","","","Body Talk","2010","8","n","",""
"24052","","Rocket From the Tombs","","","The Day the Earth Met the Rocket From the Tombs","2002","7","n","",""
"40111","","Rocketship","","","A Certain Smile, a Certain Sadness","1996","8","o","",""
"36520","","Rodan","","","Rusty","1994","8","o","",""
"993","","Rolling Stones","","","Let It Bleed","1969","9","o","",""
"52360","The","Rolling Stones","","","Aftermath","1966","7","o","",""
"992","The","Rolling Stones","","","Beggars Banquet","1968","8","o","",""
"52366","The","Rolling Stones","","","Between the Buttons","1967","7","o","",""
"1010","The","Rolling Stones","","","Bridges to Babylon","1997","5","o","",""
"996","The","Rolling Stones","","","Exile on Main St.","1972","9","o","",""
"1003","The","Rolling Stones","","","Some Girls","1978","6","o","",""
"145","The","Rolling Stones","","","Sticky Fingers","1971","8","o","",""
"24827","Sonny","Rollins","","","Saxophone Colossus","1957","8","n","",""
"95969","The","Ronettes","","","Presenting The Fabulous Ronettes Featuring Veronica","1964","9","o","",""
"54287","The","Ronettes","","","The Best of The Ronettes","1992","8","o","",""
"46319","Mick","Ronson","","","Slaughter on 10th Avenue","1974","0","w","","CD"
"27732","Linda","Ronstadt &amp; Emmylou Harris","","","Western Wall: The Tucson Sessions","1999","6","n","",""
"7357078","","Roosevelt","","","Roosevelt","2016","8","n","",""
"211593","The","Roots","","","Game Theory","2006","7","o","",""
"415763","The","Ropers","","","All the Time","1995","7","o","",""
"9256728","","Rosalía","","","El mal querer","2018","8","n","",""
"8803155","Caroline","Rose","","","Loner","2018","10","n","",""
"11012168","Caroline","Rose","","","Superstar","2020","8","n","",""
"15101165","Caroline","Rose","","","The Art of Forgetting","2023","8","n","",""
"7111","","Roxy Music","","","Avalon","1982","6","o","",""
"5545","","Roxy Music","","","Country Life","1974","6","o","",""
"10465","","Roxy Music","","","Flesh + Blood","1980","5","o","",""
"5543","","Roxy Music","","","For Your Pleasure","1973","8","o","",""
"15317","","Roxy Music","","","Heart Still Beating","1990","4","o","",""
"10464","","Roxy Music","","","Manifesto","1979","5","o","",""
"5542","","Roxy Music","","","Roxy Music","1972","5","o","",""
"5546","","Roxy Music","","","Siren","1975","5","o","",""
"5544","","Roxy Music","","","Stranded","1973","5","o","",""
"11876","","Roxy Music","","","Viva! Roxy Music","1976","4","o","",""
"14518","","Royal Trux","","","Veterans of Disorder","1999","7","o","",""
"744742","Las","Rubias del Norte","","","Rumba Internationale","2004","7","n","",""
"71368","The","Rubinoos","","","Back to the Drawing Board!","1979","6","o","",""
"184847","","Ruins","","","Burning Stone","1992","0","w","","CD"
"198443","","Ruins","","","Ruins III","1988","7","o","",""
"1774","Todd","Rundgren","","","A Wizard / A True Star","1973","6","o","",""
"1773","Todd","Rundgren","","","Something / Anything?","1972","6","o","","CD"
"10309","","Run-D.M.C.","","","Raising Hell","1986","7","o","",""
"5113727","","Run the Jewels","","","Run the Jewels 2","2014","8","n","",""
"6784654","","Run the Jewels","","","Run the Jewels 3","2016","9","n","",""
"8712599","","Rupa","","","Disco Jazz","1982","9","n","",""
"1498402","The","Rural Alberta Advantage","","","Hometowns","2008","6","o","",""
"130483","Arthur","Russell","","","Calling Out of Context","2004","7","n","",""
"17241","The","Ruts","","","The Crack","1979","7","o","",""
"35877","","RZA","","","RZA as Bobby Digital in Stereo","1998","5","o","",""
"5200","","Sade","","","Love Deluxe","1992","9","n","",""
"136516","","Sad Lovers &amp; Giants","","","Epic Garden Music","1982","9","o","",""
"144826","","Sad Lovers &amp; Giants","","","Feeding the Flame","1983","8","o","",""
"4074032","Jess","Sah Bi &amp; Peter One","","","Our Garden Needs Its Flowers","1985","8","n","",""
"14327","Buffy","Sainte-Marie","","","Illuminations","1969","6","o","",""
"867","","Saint Etienne","","","So Tough","1993","6","o","",""
"17214","The","Saints","","","(I'm) Stranded","1977","8","n","",""
"10954","Ryuichi","Sakamoto, David Byrne and Cong Su","","","The Last Emperor","1987","7","o","",""
"10447549","","Salami Rose Joe Louis","","","Zdenka 2080","2019","7","n","",""
"11472846","","Salt Cathedral","","","Carisma","2020","7","n","",""
"14793","Pharoah","Sanders","","","Black Unity","1972","7","n","",""
"20016","Pharoah","Sanders","","","Deaf Dumb Blind (Summun bukmun umyun)","1970","8","n","",""
"14795","Pharoah","Sanders","","","Karma","1969","9","n","",""
"130776","Pharoah","Sanders","","","Love in Us All","1974","9","n","",""
"1470699","","Santogold","","","Santogold","2008","8","o","",""
"1695950","","Santogold &amp; Diplo","","","Top Ranking: A Diplo Dub","2008","6","o","",""
"184725","Moacir","Santos","","","Coisas","1965","8","w","","CD"
"214145","Moacir","Santos","","","Maestro","1973","7","o","",""
"10410477","","Sault","","","5","2019","9","n","",""
"10686626","","Sault","","","7","2019","9","n","",""
"11654425","","Sault","","","Untitled (Black Is)","2020","8","n","",""
"12029106","","Sault","","","Untitled (Rise)","2020","7","n","",""
"17290","","Savage Republic","","","Tragic Figures","1982","5","o","",""
"2967400","Les","Savy Fav","","","Root for Ruin","2010","5","o","",""
"14470049","","Say Sue Me","","","The Last Thing Left","2022","9","n","",""
"8988682","","Say Sue Me","","","Where We Were Together","2018","8","n","",""
"559175","","Scarboro Aquarium Club","","","Black Swan Days","2006","0","w","",""
"447301","Lalo","Schifrin","","","There's a Whole Lalo Schifrin Goin' On","1968","8","o","",""
"28234","","Schneider TM","","","Zoomer","2002","6","o","",""
"8218","Klaus","Schulze","","","Irrlicht","1972","6","o","",""
"8221","Klaus","Schulze","","","Moondawn","1976","7","o","",""
"2132013","Henrik","Schwarz, Âme &amp; Dixon","","","The Grandfather Paradox","2009","9","o","",""
"85568","The","Scientists","","","The Scientists","1981","0","w","","CD"
"17669","Gil","Scott-Heron","","","Pieces of a Man","1971","8","o","",""
"135872","","Scritti Politti","","","4 'A Sides'","1979","0","w","","CD"
"30806","The","Sea and Cake","","","One Bedroom","2003","6","o","",""
"5465","","Seal","","","Seal","1991","3","o","",""
"16392658","","Sea Lemon","","","Diving for a Prize","2025","8","n","",""
"169376","","Sea Saw","","","Magnétophone","1996","6","o","",""
"832","","Sebadoh","","","Bakesale","1994","8","o","",""
"9847","","Sebadoh","","","Bubble &amp; Scrape","1993","7","o","",""
"831","","Sebadoh","","","III","1991","7","o","",""
"65975","","Secos &amp; Molhados","","","Gravado ao vivo no Maracanãzinho","1980","7","o","",""
"10955","","Secos &amp; Molhados","","","Secos &amp; Molhados","1973","9","o","",""
"90149","","Secret Shine","","","After Years","2003","7","o","",""
"119843","","Secret Shine","","","Untouched","1993","7","o","",""
"156027","","Section 25","","","From the Hip","1984","7","n","",""
"19242","","Seefeel","","","Quique","1993","7","o","",""
"180312","","See Venus","","","Hard Times for Dreamers","2004","6","o","",""
"130188","The","Semantics","","","Powerbill","1996","6","o","",""
"3206008","La","Sera","","","La Sera","2011","6","o","",""
"382214","","Serena Maneesh","","","Serena-Maneesh","2005","6","o","",""
"75639","The","Serenes","","","Back to Wonder","1993","6","o","",""
"4504064","","Serpent Throne","","","Brother Lucifer","2013","9","n","",""
"14599095","","Sessa","","","Estrela Acesa","2022","7","n","",""
"10281838","","Sessa","","","Grandeza","2019","8","n","",""
"495","","Sex Pistols","","","Never Mind the Bollocks Here's the Sex Pistols","1977","6","o","",""
"8736","The","Shaggs","","","Philosophy of the World","1969","5","o","",""
"17646","Sonny","Sharrock","","","Ask the Ages","1991","8","w","","CD"
"30789","Sonny","Sharrock","","","Guitar","1986","0","w","","CD"
"1269458","","She &amp; Him","","","Volume One","2008","7","o","",""
"17617","","Shellac","","","At Action Park","1994","8","o","",""
"271163","Archie","Shepp","","","The Magic of Ju-Ju","1968","6","n","",""
"76041","The","Shins","","","Chutes Too Narrow","2003","7","o","",""
"4652","The","Shins","","","Oh, Inverted World","2001","7","o","",""
"939664","","Shocking Pinks","","","Shocking Pinks","2007","7","o","",""
"71596","","Shoes","","","Black Vinyl Shoes","1977","8","o","",""
"33144","","Shop Assistants","","","Shop Assistants","1986","8","o","",""
"18246","Wayne","Shorter","","","Speak No Evil","1966","7","n","",""
"954029","The","Shortwave Set","","","Replica Sun Machine","2008","7","o","",""
"3790816","","Shrag","","","Canines","2012","8","n","",""
"3055001","","Shrag","","","Life! Death! Prizes!","2010","7","n","",""
"2057127","","Shrag","","","Shrag","2009","6","n","",""
"2131881","","Shrinebuilder","","","Shrinebuilder","2009","5","o","",""
"154212","","Siekiera","","","Nowa Aleksandria","1986","8","o","",""
"23085","","Sigur Rós","","","( )","2002","9","o","",""
"2115","","Sigur Rós","","","Ágætis byrjun","1999","10","o","",""
"130184","","Sigur Rós","","","Ba Ba Ti Ki Di Do","2004","6","o","",""
"1580127","","Sigur Rós","","","Með suð í eyrum við spilum endalaust","2008","8","o","",""
"348392","","Sigur Rós","","","Takk...","2005","7","o","",""
"19091","Judee","Sill","","","Heart Food","1973","6","o","",""
"19090","Judee","Sill","","","Judee Sill","1971","6","o","",""
"4217263","","Silva","","","Claridão","2012","9","o","",""
"93300","","Silvania","","","Solineide Says: 1991-1993","2003","8","n","",""
"26024","","Silver Apples","","","Silver Apples","1968","6","o","",""
"2673","","Silver Jews","","","American Water","1998","10","o","",""
"130874","Thee","Silver Mountain Reveries","","","Pretty Little Lightning Paw","2004","7","o","",""
"9852","A","Silver Mt. Zion","","","He Has Left Us Alone but Shafts of Light Sometimes Grace the Corner of Our Rooms...","2000","7","o","",""
"76461","The","Silver Mt. Zion Memorial Orchestra &amp; Tra-La-La Band With Choir","","","&#34;This Is Our Punk-Rock,&#34; Thee Rusted Satellites Gather + Sing,","2003","7","o","",""
"126790","The Horace","Silver Quintet","","","Horace-Scope","1960","0","w","","CD"
"17135","The Horace","Silver Quintet","","","Song for My Father (Cantiga para meu pai)","1965","8","n","",""
"146","Paul","Simon","","","Graceland","1986","8","o","","LP"
"5824","Paul","Simon","","","Paul Simon","1972","7","o","",""
"1603","Paul","Simon","","","The Rhythm of the Saints","1990","6","o","",""
"922998","","Simon &amp; Garfunkel","","","Bookends","1968","7","o","",""
"149","","Simon and Garfunkel","","","Bridge Over Troubled Water","1970","6","o","",""
"1604","","Simon and Garfunkel","","","Parsley, Sage, Rosemary and Thyme","1966","6","o","",""
"73082","Nina","Simone","","","Pastel Blues","1965","7","n","",""
"53487","Nina","Simone","","","Wild Is the Wind","1966","8","n","",""
"11744","","Simple Minds","","","New Gold Dream (81-82-83-84)","1982","5","o","",""
"19814","Frank","Sinatra","","","Frank Sinatra Sings for Only the Lonely","1958","0","w","","CD"
"30417","Frank","Sinatra","","","In the Wee Small Hours","1955","7","o","",""
"12395","Frank","Sinatra","","","Songs for Swingin' Lovers!","1956","7","o","",""
"162616","Nancy","Sinatra &amp; Lee Hazlewood","","","Fairy Tales and Fantasies: The Best of Nancy and Lee","1989","8","o","",""
"2635778","Charanjit","Singh","","","Synthesizing: Ten Ragas to a Disco Beat","1982","7","o","",""
"10480","","Siouxsie and The Banshees","","","A Kiss in the Dreamhouse","1982","7","n","",""
"10478","","Siouxsie and The Banshees","","","Hyæna","1984","7","o","",""
"9051","","Siouxsie and The Banshees","","","Juju","1981","8","o","",""
"17292","","Siouxsie and The Banshees","","","Kaleidoscope","1980","8","o","",""
"7098","","Siouxsie and The Banshees","","","Once Upon a Time: The Singles","1981","8","o","",""
"3148","The","Sisters of Mercy","","","Floodland","1987","7","o","",""
"96071","","Six Finger Satellite","","","Law of Ruins","1998","7","n","",""
"1855","","Skinny Puppy","","","Remission","1984","5","o","",""
"583691","","Slaughter and the Dogs","","","Cranked Up Really High","1995","5","o","",""
"2771","","Slayer","","","Reign in Blood","1986","7","o","",""
"16858967","","Slayyyter","","","Wor$t Girl in America","2026","8","n","",""
"1051","","Sleater-Kinney","","","Call the Doctor","1996","8","o","",""
"1052","","Sleater-Kinney","","","Dig Me Out","1997","10","o","",""
"10307340","","Sleater-Kinney","","","The Center Won't Hold","2019","5","n","",""
"204491","","Sleater-Kinney","","","The Woods","2005","5","o","",""
"84874","","Sleep","","","Dopesmoker","2003","9","o","",""
"2905675","","Sleep ∞ Over","","","Sleep ∞ Over","2010","6","o","",""
"46368","","Slick Rick","","","The Great Adventures of Slick Rick","1988","7","o","",""
"2671","","Slint","","","Spiderland","1991","8","o","",""
"1424","The","Slits","","","Cut","1979","7","n","",""
"92752","","Slovenly","","","Highway to Hanno's","1992","6","o","",""
"65537","","Slowdive","","","5 EP (In Mind Remixes)","1993","7","o","",""
"70678","","Slowdive","","","Beach Song / Take Me Down","1992","7","n","",""
"15317748","","Slowdive","","","Everything Is Alive","2023","7","n","",""
"5069","","Slowdive","","","Just for a Day","1991","6","n","",""
"71098","","Slowdive","","","Morningrise","1991","0","n","",""
"8677","","Slowdive","","","Pygmalion","1995","8","n","",""
"8169415","","Slowdive","","","Slowdive","2017","8","n","",""
"71097","","Slowdive","","","Slowdive","1990","0","n","",""
"2711","","Slowdive","","","Souvlaki","1993","10","n","",""
"7790","","Sly &amp; The Family Stone","","","A Whole New Thing","1970","6","o","",""
"7791","","Sly &amp; The Family Stone","","","Dance to the Music","1968","6","o","",""
"7794","","Sly &amp; The Family Stone","","","Fresh","1973","7","o","",""
"7792","","Sly &amp; The Family Stone","","","Life","1968","7","o","",""
"7793","","Sly &amp; The Family Stone","","","Stand!","1969","8","o","",""
"1740","","Sly &amp; The Family Stone","","","There's a Riot Goin' On","1971","9","o","",""
"3048336","","Small Black","","","New Chain","2010","6","o","",""
"8268","","Small Faces","","","Ogdens' Nut Gone Flake","1968","7","o","",""
"11914","","Small Faces","","","Small Faces","1966","6","o","",""
"160","","Smashing Pumpkins","","","Siamese Dream","1993","8","o","",""
"161","The","Smashing Pumpkins","","","Mellon Collie and the Infinite Sadness","1995","6","n","",""
"15545448","The","Smile","","","Wall of Eyes","2024","8","n","",""
"1311","Elliott","Smith","","","Either / Or","1997","10","o","",""
"1310","Elliott","Smith","","","Elliott Smith","1995","10","o","",""
"1313","Elliott","Smith","","","Figure 8","2000","7","o","",""
"84906","Elliott","Smith","","","From a Basement on the Hill","2004","8","o","",""
"1309","Elliott","Smith","","","Roman Candle","1994","10","o","",""
"1312","Elliott","Smith","","","XO","1998","7","o","",""
"2674","Patti","Smith","","","Horses","1975","8","n","",""
"532196","TV","Smith's Explorers","","","The Last Words of the Great Explorer","1981","7","o","",""
"10747","Patti","Smith Group","","","Easter","1978","7","o","","LP"
"10748","Patti","Smith Group","","","Radio Ethiopia","1976","7","o","",""
"383957","The","Smiths","","","Hatful of Hollow","1984","9","o","",""
"2494","The","Smiths","","","Hatful of Hollow","1987","8","o","",""
"165","The","Smiths","","","Louder Than Bombs","1987","9","o","",""
"1098","The","Smiths","","","Meat Is Murder","1985","7","o","",""
"1099","The","Smiths","","","Strangeways, Here We Come","1987","7","o","",""
"164","The","Smiths","","","The Queen Is Dead","1986","9","o","",""
"163","The","Smiths","","","The Smiths","1984","8","o","",""
"45941","","(Smog)","","","Supper","2003","8","o","",""
"282786","","Smog","","","A River Ain't Too Much to Love","2005","7","o","",""
"8461","","Smog","","","Dongs of Sevotion","2000","7","o","",""
"2985","","Smog","","","Knock Knock","1999","9","o","",""
"8459","","Smog","","","Red Apple Falls","1997","7","o","",""
"8458","","Smog","","","The Doctor Came at Dawn","1996","7","o","",""
"8456","","Smog","","","Wild Love","1995","8","o","",""
"9103514","","Snail Mail","","","Lush","2018","10","n","",""
"13611179","","Snail Mail","","","Valentine","2021","8","n","",""
"151834","The","Snake Corps","","","Smother Earth","1990","0","w","","CD"
"89445","The","Sneetches","","","Slow","1990","6","o","",""
"33209","The","Sneetches","","","Sometimes That's All We Have","1989","9","o","",""
"3572","","Snoop Doggy Dogg","","","Doggystyle","1993","7","o","",""
"26428","","Soda Stereo","","","Dynamo","1992","7","o","",""
"26989","The","Soft Boys","","","Nextdoorland","2002","0","w","",""
"7323","The","Soft Boys","","","Underwater Moonlight","1980","8","o","",""
"839","","Soft Machine","","","Third","1970","6","o","",""
"837","The","Soft Machine","","","The Soft Machine","1968","6","n","",""
"838","The","Soft Machine","","","Volume Two","1969","6","o","",""
"50600","The","Soft Pink Truth","","","Do You Party?","2003","6","o","",""
"7721703","","Solange","","","A Seat at the Table","2016","8","n","",""
"39071","","Solex","","","Solex vs. the Hitmeister","1998","7","o","",""
"16102","","Songs: Ohia","","","Didn't It Rain","2002","7","o","",""
"40634","","Songs: Ohia","","","The Magnolia Electric Co","2003","7","o","",""
"8286","The","Sonics","","","Boom","1966","7","o","",""
"8284","The","Sonics","","","Here Are The Sonics!!!","1965","8","o","",""
"1117","","Sonic Youth","","","Daydream Nation","1988","9","o","",""
"1119","","Sonic Youth","","","Dirty","1992","7","o","",""
"1115","","Sonic Youth","","","EVOL","1986","8","o","",""
"1118","","Sonic Youth","","","Goo","1990","8","o","",""
"12814","","Sonic Youth","","","Murray Street","2002","7","o","",""
"409133","","Sonic Youth","","","Rather Ripped","2006","7","o","",""
"1116","","Sonic Youth","","","Sister","1987","9","o","",""
"135305","","Sonic Youth","","","Sonic Nurse","2004","7","o","",""
"9859","","Sonic Youth","","","Sonic Youth","1982","7","o","",""
"1121","","Sonic Youth","","","Washing Machine","1995","7","o","",""
"1113","","Sonic-Youth","","","Bad Moon Rising","1985","6","o","",""
"9143284","","Sonido Gallo Negro","","","Mambo cosmico","2018","7","n","",""
"2527588","","Sonny and the Sunsets","","","Tomorrow Is Alright","2009","6","o","",""
"308087","","Son Volt","","","Okemah and the Melody of Riot","2005","7","o","",""
"2675","","Son Volt","","","Trace","1995","7","o","",""
"8842897","","SOPHIE","","","Oil of Every Pearl's Un-Insides","2018","8","n","",""
"17257","The","Sound","","","All Fall Down","1982","7","o","",""
"14590","The","Sound","","","From the Lions Mouth","1981","8","o","",""
"14697","The","Sound","","","Heads and Hearts","1985","9","o","",""
"17256","The","Sound","","","Jeopardy","1980","7","o","",""
"14698","The","Sound","","","Shock of Daylight","1984","10","o","",""
"214481","","Sound Factory","","","Sound Factory","1970","6","o","",""
"5046","","Spacemen 3","","","Playing With Fire","1989","8","o","",""
"2672","","Spacemen 3","","","The Perfect Prescription","1987","9","o","",""
"19667","","Spacemonkeyz versus Gorillaz","","","Laika Come Home","2002","4","o","",""
"331704","","Space Rave","","","Space Rave","2002","7","o","",""
"14651","","Spain","","","The Blue Moods of Spain","1995","8","o","",""
"2677","","Sparklehorse","","","Good Morning Spider","1998","7","o","",""
"10189","","Sparks","","","Kimono My House","1974","4","o","",""
"15079","","Sparta","","","Wiretap Scars","2002","5","o","",""
"11657941","","Special Interest","","","The Passion Of","2020","6","n","",""
"290","The","Specials","","","Specials","1979","6","o","",""
"41737","Phil","Spector","","","Back to Mono (1958-1969)","1991","0","w","","CD"
"75878","","Spectrum","","","Geração bendita","1971","7","o","",""
"111624","","Spectrum","","","Soul Kiss (Glide Divine)","1992","7","o","",""
"11200","Alexander","Spence","","","Oar","1969","8","o","",""
"8034","The Jon","Spencer Blues Explosion!","","","Orange","1994","6","o","",""
"406588","Laurie","Spiegel","","","The Expanding Universe","1980","7","n","",""
"2391","","Spiritualized","","","Lazer Guided Melodies","1992","7","o","",""
"60068","","Spiritualized®","","","Amazing Grace®","2003","5","o","",""
"1716","","Spiritualized®","","","Ladies and Gentlemen We Are Floating in Space","1997","9","o","",""
"2393","","Spiritualized®","","","Let It Come Down","2001","6","o","",""
"8182","","Spiritualized®","","","Royal Albert Hall October 10 1997 Live","1998","8","o","",""
"1360364","","Spiritualized⁺","","","Songs in A&amp;E","2008","6","o","",""
"20103","Vladimir","Spivakov / Sergej Bezrodny / Dietmar Schwalke / Alexander Malter","","","Alina","1999","7","o","",""
"34955","","Split Enz","","","History Never Repeats","1987","6","o","",""
"693595","","Spoon","","","Ga Ga Ga Ga Ga","2007","7","o","",""
"156981","","Spoon","","","Gimme Fiction","2005","6","o","",""
"4745","","Spoon","","","Girls Can Tell","2001","7","o","",""
"17571","","Spoon","","","Kill the Moonlight","2002","7","o","",""
"7811","Dusty","Springfield","","","Dusty in Memphis","1969","7","o","",""
"33217","","Spring Heel Jack","","","Disappeared","2000","6","o","",""
"3581","Bruce","Springsteen","","","Born to Run","1975","8","o","","LP"
"3583","Bruce","Springsteen","","","Darkness on the Edge of Town","1978","7","o","",""
"6702","Bruce","Springsteen","","","Nebraska","1982","8","o","",""
"3584","Bruce","Springsteen","","","The River","1980","6","o","",""
"5686","Bruce","Springsteen","","","The Wild, the Innocent &amp; the E Street Shuffle","1973","6","o","",""
"15814","","Squarepusher","","","Feed Me Weird Things","1996","6","o","",""
"137491","","Staatsorchester Stuttgart / Lithuanian Chamber Orchestra / The 12 Cellists of the Berlin Philharmonic Orchestra / Dennis Russell Davies / Saulius Sondeckis / Gidon Kremer / Keith Jarrett / Tatjana Grindenko / Alfred Schnittke","","","Tabula rasa","1984","8","o","",""
"2650734","","Standard Fare","","","The Noyelle Beat","2010","9","o","",""
"282248","Tomasz","Stańko","","","TWET","1974","7","n","",""
"282266","Tomasz","Stańko Quintet","","","Jazzmessage From Poland","1972","6","o","",""
"282246","Tomasz","Stańko Quintet","","","Music for K","1970","6","o","",""
"258614","The","Staple Singers","","","Amen!","1965","0","w","","CD"
"185587","The","Staple Singers","","","Freedom Highway","1965","0","w","","CD"
"146077","The","Staple Singers","","","Uncloudy Day","1959","7","o","",""
"12284188","Nathaniel","Star","","","Eros","2020","8","n","",""
"8840218","","Starchild &amp; The New Romantic","","","Language","2018","7","n","",""
"8872","","Starflyer 59","","","Starflyer 59 [Gold]","1995","8","o","",""
"86348","","Starflyer 59","","","Starflyer 59 [Silver]","1994","8","n","",""
"273705","","Starflyer 59","","","Talking Voice vs. Singing Voice","2005","8","n","",""
"34496","","Stars","","","Heart","2003","7","o","",""
"2301709","","Stars","","","The Five Ghosts","2010","6","o","",""
"127834","","Stars Like Fleas","","","Sun Lights Down on the Fence","2003","0","w","","CD"
"863430","","Stars Like Fleas","","","The Ken Burns Effect","2007","5","o","",""
"32123","","Stars of the Lid","","","The Tired Sounds Of","2001","6","o","",""
"1731","","Steely Dan","","","Aja","1977","3","o","",""
"1728","","Steely Dan","","","Pretzel Logic","1974","4","n","",""
"5071","","Stereolab","","","Cobra and Phases Group Play Voltage in the Milky Night","1999","8","n","",""
"157","","Stereolab","","","Dots and Loops","1997","9","n","",""
"156","","Stereolab","","","Emperor Tomato Ketchup","1996","6","o","",""
"89288","","Stereolab","","","Margerine Eclipse","2004","8","n","",""
"155","","Stereolab","","","Mars Audiac Quintet","1994","5","o","",""
"206365","","Stereolab","","","Oscillons From the Anti-Sun","2005","8","o","",""
"152","","Stereolab","","","Peng!","1992","8","o","",""
"2002","","Stereolab","","","Sound-Dust","2001","8","n","",""
"153","","Stereolab","","","Transient Random-Noise Bursts With Announcements","1993","9","o","",""
"8012","Cat","Stevens","","","Tea for the Tillerman","1970","6","o","",""
"6136253","Sufjan","Stevens","","","Carrie &amp; Lowell","2015","7","n","",""
"281704","Sufjan","Stevens","","","Illinois","2005","7","o","",""
"87393","Sufjan","Stevens","","","Michigan","2003","8","o","",""
"121695","Sufjan","Stevens","","","Seven Swans","2004","7","o","",""
"11704310","Sufjan","Stevens","","","The Ascension","2020","6","n","",""
"8162","Rod","Stewart","","","Every Picture Tells a Story","1971","7","o","",""
"14501","","Stiff Little Fingers","","","Inflammable Material","1979","7","o","",""
"3537107","","Still Corners","","","Creatures of an Hour","2011","8","n","",""
"314","The","Stone Roses","","","The Stone Roses","1989","7","o","",""
"845","The","Stooges","","","Fun House","1970","8","o","",""
"844","The","Stooges","","","The Stooges","1969","7","o","",""
"9972934","Dexter","Story","","","Bahir","2019","7","n","",""
"348309","","Strange Boutique","","","Charm","1993","5","o","",""
"348312","","Strange Boutique","","","The Kindest Worlds","1994","6","o","",""
"348308","","Strange Boutique","","","The Loved One","1991","7","o","",""
"13943","The","Stranglers","","","Stranglers IV (Rattus Norvegicus)","1977","8","o","",""
"545868","","Strawberry Switchblade","","","The Platinum Collection","2005","6","o","",""
"13996","The","Streets","","","Original Pirate Material","2002","8","o","",""
"406203","The","Strokes","","","First Impressions of Earth","2005","5","o","",""
"2436","The","Strokes","","","Is This It","2001","7","o","",""
"81178","The","Strokes","","","Room on Fire","2003","6","o","",""
"10973","The","Style Council","","","Café Bleu","1984","5","o","",""
"147322","","Sublux","","","Nothing That Is Still","2003","7","o","",""
"10620184","","Sudan Archives","","","Athena","2019","8","n","",""
"1076","","Suede","","","Dog Man Star","1994","6","o","",""
"1075","","Suede","","","Suede","1993","6","o","",""
"1868","","Sugar","","","Copper Blue","1992","8","o","",""
"9014","","Suicide","","","Alan Vega · Martin Rev","1980","7","o","",""
"10772","","Suicide","","","The Second Album + The First Rehearsal Tapes","1999","7","o","",""
"1507635","Yma","Sumac","","","Voice of the Xtabay","1950","10","n","",""
"224256","Yma","Sumac","","","Voice of the Xtabay / Inca Taqui","1954","0","w","","CD"
"6801058","","Summer Twins","","","Limbo","2015","7","n","",""
"53660","The","Sun and the Moon","","","The Sun and the Moon","1988","7","o","",""
"78433","","Sunburned Hand of the Man","","","Jaybird","2001","5","o","",""
"5266","The","Sundays","","","Reading, Writing and Arithmetic","1990","6","o","",""
"90705","","Sun Kil Moon","","","Ghosts of the Great Highway","2003","7","o","",""
"801485","A","Sunny Day in Glasgow","","","The Sunniest Day Ever EP","2006","6","o","",""
"879790","The","Sunny Street","","","They Hurt You Everyday","2007","0","w","",""
"2205796","","Sunset Rubdown","","","Dragonslayer","2009","5","n","",""
"2205931","","Sunset Rubdown Introducing Moonface","","","Coming To at Dawn / Insane Love Is Awakening","2009","6","o","",""
"1012","","Super Furry Animals","","","Radiator","1997","7","o","",""
"2044","","Supergrass","","","I Should Coco","1995","6","o","",""
"153939","","Superpitcher","","","Here Comes Love","2004","7","o","",""
"39270","","Supersilent","","","6","2003","6","o","",""
"121667","","Supreme Dicks","","","The Emotional Plague","1996","0","w","","CD"
"11030","The","Supremes","","","The Supremes at the Copa","1965","7","o","",""
"54958","","Swallow","","","Blow","1992","6","n","",""
"217789","Bettye","Swann","","","Bettye Swann","2004","9","n","",""
"10058","","Swans","","","Children of God","1987","8","o","",""
"15269","","Swans","","","Soundtracks for the Blind","1996","7","n","",""
"10878","","Swans","","","White Light From the Mouth of Infinity","1991","7","o","",""
"2395","Matthew","Sweet","","","Altered Beast","1993","7","o","",""
"2192747","","Sweet Trip","","","You Will Never Know Why","2009","5","n","",""
"37731","","Swell","","","41","1994","7","o","",""
"847","","Swell Maps","","","A Trip to Marineville","1979","6","o","",""
"848","","Swell Maps","","","....In &#34;Jane From Occupied Europe&#34;","1980","8","o","",""
"8645","","Swervedriver","","","Mezcal Head","1993","8","o","",""
"9573","","Swirlies","","","Blonder Tongue Audio Baton","1993","6","o","",""
"40213","","Swirlies","","","They Spent Their Wild Youthful Days in the Glittering World of the Salons","1996","6","n","",""
"18839","","Switchblade Symphony","","","Serpentine Gallery","1995","6","o","",""
"398923","","SWR Stuttgart Radio Symphony Orchestra / The Hilliard Ensemble / Andrey Boreyko / Alexei Lubimov","","","Lamentate","2005","7","o","",""
"53832","David","Sylvian","","","Blemish","2003","6","o","",""
"6754","David","Sylvian","","","Brilliant Trees","1984","8","o","",""
"6759","David","Sylvian","","","Everything and Nothing","2000","7","o","",""
"5498","David","Sylvian","","","Secrets of the Beehive","1987","7","o","",""
"23509","David","Sylvian &amp; Robert Fripp","","","The First Day","1993","5","o","",""
"7735717","","SZA","","","Ctrl","2017","7","n","",""
"197515","","Tages","","","In My Dreams: The Complete Recordings, Vol. 2 (1966)","2004","6","o","",""
"1035","","Talking Heads","","","Fear of Music","1979","7","o","",""
"1039","","Talking Heads","","","Little Creatures","1985","0","o","","LP"
"1034","","Talking Heads","","","More Songs About Buildings and Food","1978","7","o","",""
"1036","","Talking Heads","","","Remain in Light","1980","8","o","",""
"1037","","Talking Heads","","","Speaking in Tongues","1983","6","o","",""
"1038","","Talking Heads","","","Stop Making Sense","1984","7","o","",""
"1033","","Talking Heads","","","Talking Heads: 77","1977","7","o","",""
"10523","","Talking Heads","","","The Name of This Band Is Talking Heads","1982","0","w","",""
"4663","","Talk Talk","","","It's My Life","1984","6","o","",""
"2779","","Talk Talk","","","Laughing Stock","1991","10","o","",""
"2679","","Talk Talk","","","Spirit of Eden","1988","10","o","",""
"2959","","Talk Talk","","","The Colour of Spring","1986","8","o","",""
"2956","","Talulah Gosh","","","Backwash","1996","8","o","",""
"178984","","Talulah Gosh","","","They've Scoffed the Lot","1991","7","o","",""
"2974178","","Tamaryn","","","The Waves","2010","7","o","",""
"184243","","Tamba Trio","","","Avanço","1963","0","w","","CD"
"6363797","","Tame Impala","","","Currents","2015","6","n","",""
"4065445","","Tame Impala","","","Lonerism","2012","10","n","",""
"8193","","Tangerine Dream","","","Phaedra","1974","6","o","","LP"
"8194","","Tangerine Dream","","","Rubycon","1975","6","o","","LP"
"9294268","","Tanukichan","","","Sundays","2018","7","n","",""
"17641","","Tarnation","","","Gentle Creatures","1995","5","o","",""
"50617","Troy","Tate","","","Ticket to the Dark","1984","4","o","",""
"3298993","","Teams vs. Star Slinger","","","Teams vs. Star Slinger","2011","6","o","",""
"541","The","Teardrop Explodes","","","Kilimanjaro","1980","8","o","",""
"1977","","Teenage Fanclub","","","Bandwagonesque","1991","8","o","",""
"2413","","Teenage Fanclub","","","Grand Prix","1995","7","o","",""
"3037506","","Teengirl Fantasy","","","7 AM","2010","7","o","",""
"74690","The","Telescopes","","","The Telescopes","1992","9","o","",""
"74691","The","Telescopes","","","Third Wave","2002","6","o","",""
"3731203","","Teletextile","","","Glass","2011","8","o","",""
"1168","","Television","","","Adventure","1978","7","o","",""
"1167","","Television","","","Marquee Moon","1977","10","o","",""
"433470","","Television","","","Poor Circulation","1998","6","o","",""
"10147","","Television Personalities","","","...And Don't the Kids Just Love It","1981","8","o","",""
"32382","","Telstar Ponies","","","Voices From the New Music","1996","0","w","","CD"
"387592","The","Terminals","","","Touch","1992","7","n","",""
"495387","","Terrestrial Tones","","","Dead Drunk","2006","5","o","",""
"3313805","","Thao &amp; Mirah","","","Thao &amp; Mirah","2011","8","o","",""
"22671","","That Petrol Emotion","","","Babble","1987","5","o","",""
"3912","The","The","","","Soul Mining","1983","6","o","",""
"23743","","Theatre of Voices / Paul Hillier","","","De profundis","1997","8","o","",""
"536296","The","Thermals","","","The Body, the Blood, the Machine","2006","8","o","",""
"8506","","Thinking Fellers Union Local 282","","","I Hope It Lands","1996","0","w","","CD"
"8499","","Thinking Fellers Union Local 282","","","Lovelyville","1991","0","w","","CD"
"8504","","Thinking Fellers Union Local 282","","","Strangers From the Universe","1994","7","o","",""
"17249","","This Heat","","","Deceit","1981","7","o","",""
"17248","","This Heat","","","This Heat","1979","7","o","",""
"660297","","This Mortal Coil","","","It'll End in Tears","1984","6","o","",""
"11397","David","Thomas &amp; The Pedestrians with Richard Thompson","","","Variations on a Theme","1983","0","w","","CD"
"11396","David","Thomas and The Pedestrians","","","The Sound of the Sand and Other Songs of The Pedestrian","1981","0","w","","CD"
"32904","Richard &amp; Linda","Thompson","","","Pour Down Like Silver","1975","6","o","",""
"19235","Richard &amp; Linda","Thompson","","","Shoot Out the Lights","1982","6","o","",""
"10979","Richard and Linda","Thompson","","","I Want to See the Bright Lights Tonight","1974","7","o","",""
"16446","","Throbbing Gristle","","","20 Jazz Funk Greats","1979","7","o","",""
"11175351","","Throwing Muses","","","Sun Racket","2020","7","n","",""
"661748","","Throwing Muses","","","Throwing Muses","1986","6","o","",""
"99804","","Tiger Trap","","","Sour Grass","1993","8","o","",""
"51467","","Tiger Trap","","","Tiger Trap","1993","10","o","",""
"471157","The","Times","","","Beat Torture","1988","7","o","",""
"471160","The","Times","","","E for Edward","1989","6","o","",""
"471152","The","Times","","","Pop Goes Art!","1982","6","o","",""
"11815753","Duval","Timothy","","","Help","2020","6","n","",""
"10362686","","Tinariwen","","","Amadjar","2019","7","n","",""
"2681","","Tindersticks","","","Curtains","1997","8","o","",""
"2680","","Tindersticks","","","Tindersticks","1993","9","o","",""
"7707","","Tindersticks","","","Tindersticks [II]","1995","7","o","",""
"3177108","The","Tin Turtles","","","Animal Happiness","2010","7","o","",""
"195441","","Titanic Love Affair","","","Titanic Love Affair","1991","5","o","",""
"2795134","","Tokyo Police Club","","","Champ","2010","5","o","",""
"38928","","Tomita","","","The Planets","1976","7","o","",""
"1905","","Tool","","","Lateralus","2001","4","o","",""
"17035","","Toots &amp; The Maytals","","","Funky Kingston","1975","8","o","",""
"122063","","Toots &amp; The Maytals","","","In the Dark","1974","7","o","",""
"29781","","To Rococo Rot","","","The Amateur View","1999","7","o","",""
"2601806","","Toro y Moi","","","Causers of This","2010","6","o","",""
"850","","Tortoise","","","Millions Now Living Will Never Die","1996","6","o","",""
"852","","Tortoise","","","TNT","1998","6","o","",""
"10142521","","Tourist Activities","","","Off My Mind","2019","7","n","",""
"2356224","","T.P. Orchestre Poly-Rythmo de Cotonou - Bénin","","","Zoundegnon Bernard 'Papillon' guitariste principal","1977","8","n","",""
"6496","","Traffic","","","John Barleycorn Must Die","1970","4","o","",""
"1626","The","Trash Can Sinatras","","","Cake","1990","6","o","",""
"165225","","Treat Her Right","","","What's Good for You","1991","6","n","",""
"758158","","Treepeople","","","Guilt Regret Embarrassment","1991","0","w","",""
"9947","","Treepeople","","","Just Kidding","1993","0","w","",""
"35023","","Treepeople","","","Something Vicious for Tomorrow / Time Whore","1992","0","w","",""
"5319","","T. Rex","","","Dandy in the Underworld","1977","7","n","",""
"5313","","T. Rex","","","Electric Warrior","1971","9","o","",""
"5314","","T. Rex","","","The Slider","1972","8","o","",""
"8862","A","Tribe Called Quest","","","Midnight Marauders","1993","9","o","",""
"8796","A","Tribe Called Quest","","","People's Instinctive Travels and the Paths of Rhythm","1990","9","o","",""
"7406","A","Tribe Called Quest","","","The Low End Theory","1991","8","o","",""
"7804852","A","Tribe Called Quest","","","We Got It From Here… Thank You 4 Your Service","2016","9","n","",""
"2682","","Tricky","","","Maxinquaye","1995","5","o","",""
"21259","The","Triffids","","","Born Sandy Devotional","1986","7","o","",""
"21258","The","Triffids","","","In the Pines","1986","7","o","",""
"40221","","Trip Shakespeare","","","Lulu","1991","6","o","",""
"3873009","","Trixie's Big Red Motorbike","","","All Day Long in Bliss","2012","7","o","",""
"12051955","Heather","Trost","","","Petrichor","2020","6","n","",""
"17332","","Tsunami","","","Deep End","1993","7","o","",""
"316934","","TubeTop","","","Three Minute Hercules","1997","6","o","",""
"3004964","The Corin","Tucker Band","","","1,000 Years","2010","8","o","",""
"9803901","","Tullycraft","","","The Railway Prince Hotel","2019","6","n","",""
"11152312","Yves","Tumor","","","Heaven to a Tortured Mind","2020","6","n","",""
"17263","","Tuxedomoon","","","Half-Mute","1980","5","o","",""
"117799","","TV on the Radio","","","Desperate Youth, Blood Thirsty Babes","2004","6","o","",""
"521826","","TV on the Radio","","","Return to Cookie Mountain","2006","6","o","",""
"76466","","TV on the Radio","","","Young Liars","2003","7","o","",""
"1541725","The","Twilight Sad","","","Here, It Never Snowed. Afterwards It Did","2008","7","o","",""
"821761","","TwinSisterMoon","","","When Stars Glide Through Solid","2007","7","o","",""
"18070","The","Tyde","","","Once","2001","6","o","",""
"13218994","","Tyler, The Creator","","","Call Me If You Get Lost","2021","9","n","",""
"16104678","","Tyler, The Creator","","","Chromakopia","2024","8","n","",""
"8410429","","Tyler, The Creator","","","Flower Boy","2017","9","n","",""
"10255382","","Tyler, The Creator","","","Igor","2019","9","n","",""
"17376","McCoy","Tyner","","","The Real McCoy","1967","8","n","",""
"169","","U2","","","Achtung Baby","1991","5","n","",""
"660739","","U2","","","The Joshua Tree","1987","5","o","",""
"168","","U2","","","War","1983","5","o","",""
"9085516","Kali","Uchis","","","Isolation","2018","9","n","",""
"15495877","Kali","Uchis","","","Orquídeas","2024","8","n","",""
"16375166","Kali","Uchis","","","Sincerely,","2025","9","n","",""
"12223241","Kali","Uchis","","","Sin miedo (del amor y otros demonios) ∞","2020","6","n","",""
"11390053","Kali","Uchis","","","To Feel Alive","2020","8","n","",""
"9314769","","Uji","","","Alborada","2018","8","n","",""
"19144","","Ultramagnetic MC's","","","Critical Beatdown","1988","0","w","","CD"
"22379","","Ulver","","","Perdition City","2000","6","o","",""
"387570","","Umas e Outras","","","Poucas e Boas","1970","7","o","",""
"2683","","Uncle Tupelo","","","Anodyne","1993","8","o","",""
"7222","","Uncle Tupelo","","","March 16-20, 1992","1992","8","o","",""
"7220","","Uncle Tupelo","","","No Depression","1990","7","o","",""
"1427","The","Undertones","","","Positive Touch","1981","6","o","",""
"1425","The","Undertones","","","The Undertones","1979","8","o","",""
"98467","The","Unicorns","","","Who Will Cut Our Hair When We're Gone?","2003","8","o","",""
"19372","The","United States of America","","","The United States of America","1968","8","o","",""
"3248103","","Unknown Mortal Orchestra","","","Unknown Mortal Orchestra","2010","8","n","",""
"3444148","","Unknown Mortal Orchestra","","","Unknown Mortal Orchestra","2011","8","n","",""
"146548","","u.n.p.o.c.","","","Fifth Column","2003","8","o","",""
"33641","","Unrest","","","An Imperial Full Frequency Range Recording","1992","8","o","",""
"176956","","Unrest","","","Fuck Pussy Galore (&amp; All Her Friends)","1993","0","o","",""
"90137","","Unrest","","","Kustom Karnal Blackxploitation","1990","0","w","",""
"32674","","Unrest","","","Perfect Teeth","1993","8","o","",""
"16779","","Unwound","","","Leaves Turn Inside You","2001","10","o","",""
"37287","","Unwound","","","Repetition","1996","9","n","",""
"309315","","Upsetter","","","Cloak and Dagger","1973","7","o","",""
"40375","The","Upsetters","","","Super Ape","1976","7","o","",""
"358985","","Vacaciones","","","Espero una respuesta","2000","9","o","",""
"41002","Marcos","Valle","","","Garra","1971","8","o","",""
"216050","Marcos","Valle","","","O compositor e o cantor","1965","0","w","","CD"
"39352","Marcos","Valle","","","Previsão do tempo","1973","7","o","",""
"41003","Marcos","Valle","","","Vento sul","1972","9","o","",""
"2497507","","Vampire Weekend","","","Contra","2010","1","o","",""
"10186","John","Vanderslice","","","Mass Suicide Occult Figurines","2000","7","o","",""
"17629","Townes","Van Zandt","","","A Far Cry From Dead","1999","6","o","",""
"28235","Townes","Van Zandt","","","Live at The Old Quarter, Houston, Texas","1977","0","w","","CD"
"44333","Townes","Van Zandt","","","Our Mother the Mountain","1969","7","o","",""
"31572","Townes","Van Zandt","","","Townes Van Zandt","1969","8","o","",""
"827536","","Various Artists","","","7&#34; Up! Singles Only, UK 1978-1982","2006","6","o","",""
"89063","","Various Artists","","","A Christmas Gift for You From Philles Records","1963","6","o","",""
"105722","","Various Artists","","","Anthology of American Folk Music","1997","9","o","",""
"3060629","","Various Artists","","","Bankolo Miziki: Les pionniers de la musique congolaise - De Léopoldville à Kinshasa; Anthologie volume 1","1998","10","n","",""
"3060654","","Various Artists","","","Bankolo Miziki: Les pionniers de la musique congolaise - De Léopoldville à Kinshasa; Anthologie volume 2","1998","10","n","",""
"527998","","Various Artists","","","Big Apple Rappin': The Early Days of Hip Hop Culture in New York City 1979-1982","2006","8","o","",""
"709868","","Various Artists","","","Brazilian Beats Brooklyn","2006","8","o","",""
"462038","","Various Artists","","","Chains and Black Exhaust","2002","7","o","",""
"128792","","Various Artists","","","Doing It for the Kids","1988","7","o","",""
"120638","","Various Artists","","","Flashbacks #1: High &amp; Low / Drug Songs 1917-1944","2000","7","o","",""
"138706","","Various Artists","","","Fountain Island","1992","8","o","",""
"138705","","Various Artists","","","Glass Arcade","1991","7","n","",""
"8920167","","Various Artists","","","Gumba Fire: Bubblegum Soul &amp; Synth-Boogie in 1980s South Africa","2018","8","n","",""
"40056","","Various Artists","","","Hitsville USA: The Motown Singles Collection 1959-1971","1992","10","o","",""
"9422743","","Various Artists","","","J Jazz: Deep Modern Jazz From Japan 1969-1984","2018","8","n","",""
"305721","","Various Artists","","","Love's a Real Thing: The Funky Fuzzy Sounds of West Africa","2005","8","o","",""
"1500582","","Various Artists","","","Nigeria 70: Lagos Jump - Original Heavyweight Afrobeat Highlife &amp; Afro-Funk","2008","7","o","",""
"103616","","Various Artists","","","No Thanks! The '70s Punk Rebellion","2003","7","o","",""
"92697","","Various Artists","","","Nuggets II: Original Artyfacts From the British Empire and Beyond, 1964-1969","2001","8","o","",""
"263964","","Various Artists","","","Nuggets: Original Artyfacts From the First Psychedelic Era 1965-1968","1972","10","o","",""
"436451","","Various Artists","","","Nymphomania: A Collection of Sexy European Go-Go Music from the '60s","1998","7","o","",""
"462048","","Various Artists","","","Psychegaelic French Freakbeat","2001","7","o","",""
"2716301","","Various Artists","","","Rough Trade Shops: Indiepop 09","2009","6","o","",""
"93742","","Various Artists","","","Saturday Night Fish Fry: New Orleans Funk and Soul","2001","8","o","",""
"98123","","Various Artists","","","Stone Cold Funk: A Galaxy of Original Rare Grooves","1999","0","o","",""
"11800818","","Various Artists","","","Tchic tchic - French Bossa Nova 1963 1974","2020","7","n","",""
"26484","","Various Artists","","","The Complete Stax / Volt Singles 1959-1968","1991","9","o","",""
"86073","","Various Artists","","","The Great British Psychedelic Trip, Vol. 2","1986","7","o","",""
"180505","","Various Artists","","","The Indestructible Beat of Soweto","1986","8","o","",""
"138710","","Various Artists","","","There and Back Again Lane","1995","8","o","",""
"745632","","Various Artists","","","The Subway Organization 1986-1989","2005","8","o","",""
"12146","","Various Artists","","","Tropicália ou panis et circencis","1968","10","o","",""
"296482","","Various Artists","","","Vintage Hawaiian Music: Steel Guitar Masters 1928-1934","1989","6","o","",""
"12568","","Various Artists","","","WARP10+3 Remixes","1999","6","o","",""
"179454","","Various Artists","","","Whore: Various Artists Play Wire","1996","6","o","",""
"3736","Suzanne","Vega","","","99.9 F°","1992","6","o","",""
"124153","The","Veils","","","The Runaway Found","2004","8","o","",""
"93959","","Velma","","","Cyclique","1999","0","w","","CD"
"37350","Caetano","Veloso","","","Bicho","1977","6","o","",""
"10536","Caetano","Veloso","","","Caetano Veloso","1968","8","o","",""
"18584","Caetano","Veloso","","","Caetano Veloso","1969","8","o","",""
"18585","Caetano","Veloso","","","Caetano Veloso","1971","9","o","",""
"33239","Caetano","Veloso","","","Jóia","1975","0","w","","CD"
"326825","Caetano","Veloso","","","Personalidade: Caetano Veloso","1987","6","o","",""
"18586","Caetano","Veloso","","","Transa","1972","9","o","",""
"37339","Caetano","Veloso &amp; A Outra Banda da Terra","","","Cinema transcendental","1979","6","o","",""
"37470","Caetano","Veloso &amp; Chico Buarque","","","Melhores momentos de Chico e Caetano","1986","7","o","",""
"87024","","Velour 100","","","Fall Sounds","1996","7","o","",""
"52627","","Velvet Underground","","","1969 Velvet Underground Live With Lou Reed","1974","0","w","","CD"
"176","The","Velvet Underground","","","Loaded","1970","7","o","",""
"175","The","Velvet Underground","","","The Velvet Underground","1969","9","o","",""
"177","The","Velvet Underground","","","VU","1985","7","o","",""
"174","The","Velvet Underground","","","White Light / White Heat","1968","8","o","",""
"173","The","Velvet Underground &amp; Nico","","","The Velvet Underground &amp; Nico","1967","10","o","",""
"17823","Tom","Verlaine","","","Cover","1984","0","w","","CD"
"17246","Tom","Verlaine","","","Dreamtime","1981","7","o","",""
"17244","Tom","Verlaine","","","Tom Verlaine","1979","8","o","",""
"41219","The","Verlaines","","","Bird Dog","1987","6","o","",""
"3558222","","Veronica Falls","","","Veronica Falls","2011","8","n","",""
"4261748","","Veronica Falls","","","Waiting for Something to Happen","2013","9","n","",""
"535","","Verve","","","A Storm in Heaven","1993","7","o","",""
"538","The","Verve","","","Urban Hymns","1997","7","o","",""
"3259114","Kurt","Vile","","","Smoke Ring for My Halo","2011","3","o","",""
"171813","","Villalobos","","","Alcachofa","2003","7","o","",""
"659614","Luiz Carlos","Vinhas","","","O som psicodélico de L. C. V.","1968","10","n","",""
"6173","","Violent Femmes","","","Hallowed Ground","1984","7","o","",""
"923022","","Violent Femmes","","","Violent Femmes","1983","10","o","","LP"
"402257","Ronnie","Von","","","Ronnie Von nº 3","1967","7","o","",""
"11488815","Katie","Von Schleicher","","","Consummation","2020","8","n","",""
"159359","","Vox Dei","","","La Biblia","1971","7","o","",""
"74775","The","VSS","","","21:51","2000","5","o","",""
"135457","","(((VVRSSNN)))","","","[[[VVRSSNN]]]","2003","5","o","",""
"4550","The","Wailers","","","Burnin'","1973","6","o","",""
"9974","Tom","Waits","","","Alice","2002","6","o","",""
"7919","Tom","Waits","","","Blue Valentine","1978","7","o","",""
"298","Tom","Waits","","","Bone Machine","1992","7","o","",""
"295","Tom","Waits","","","Closing Time","1973","7","o","",""
"8045","Tom","Waits","","","Franks Wild Years","1987","7","o","",""
"7584","Tom","Waits","","","Mule Variations","1999","7","o","",""
"397016","Tom","Waits","","","Orphans: Brawlers, Bawlers &amp; Bastards","2006","7","o","",""
"294","Tom","Waits","","","Rain Dogs","1985","8","o","",""
"296","Tom","Waits","","","Small Change","1976","8","o","",""
"297","Tom","Waits","","","Swordfishtrombones","1983","7","o","",""
"1799","Tom","Waits","","","The Heart of Saturday Night","1974","7","o","",""
"69890","The","Wake","","","Harmony","1982","6","o","",""
"180661","Igor","Wakhévitch","","","Docteur Faust","1971","7","o","",""
"14659","The","Walkabouts","","","Nighttown","1997","7","o","",""
"358","Scott","Walker","","","Scott","1967","6","o","",""
"359","Scott","Walker","","","Scott 2","1968","6","o","",""
"360","Scott","Walker","","","Scott 3","1969","6","o","",""
"10069","Scott","Walker","","","Tilt","1995","7","o","",""
"3378526","","WALSH","","","Karaoke","2011","5","o","",""
"3093881","","WALSH","","","Smoke Weed About It EP","2010","8","o","",""
"1673029","Gary","War","","","New Raytheonport","2008","7","o","",""
"92989","M.","Ward","","","Duet for Guitars #2","1999","7","o","",""
"59285","M.","Ward","","","End of Amnesia","2001","8","o","",""
"1857252","M.","Ward","","","Hold Time","2009","7","o","",""
"582500","M.","Ward","","","Post-War","2006","7","o","",""
"59241","M.","Ward","","","Transfiguration of Vincent","2003","8","o","",""
"227955","M.","Ward","","","Transistor Radio","2005","7","o","",""
"7516866","Greg","Ward &amp; 10 Tongues","","","Touch My Beloved’s Thought","2016","7","n","",""
"15119226","Jessie","Ware","","","That! Feels Good!","2023","9","n","",""
"11181034","Jessie","Ware","","","What's Your Pleasure?","2020","9","n","",""
"199229","Justin","Warfield","","","My Field Trip to Planet 9","1993","6","o","",""
"170290","The","Warmers","","","The Warmers","1996","6","o","",""
"2473359","","Washed Out","","","High Times","2009","8","o","",""
"2462073","","Washed Out","","","Life of Leisure","2009","8","o","",""
"8204600","Kamasi","Washington","","","Harmony of Difference","2017","10","n","",""
"9159690","Kamasi","Washington","","","Heaven and Earth","2018","7","n","",""
"9367089","Kamasi","Washington","","","The Choice","2018","8","n","",""
"5263805","Kamasi","Washington","","","The Epic","2015","9","n","",""
"8118","The","Waterboys","","","This Is the Sea","1985","7","o","",""
"45693","Patty","Waters","","","Patty Waters Sings","1966","0","w","","CD"
"1831581","","Wavves","","","Wavves","2008","4","o","",""
"1857851","","Wavves","","","Wavvves","2009","6","o","",""
"6967494","","We Are King","","","We Are KING","2016","9","n","",""
"10072728","Faye","Webster","","","Atlanta Millionaires Club","2019","8","n","",""
"10070","The","Wedding Present","","","George Best","1987","7","o","",""
"10078","The","Wedding Present","","","Saturnalia","1996","8","n","",""
"2697","The","Wedding Present","","","Seamonsters","1991","10","o","",""
"10076","The","Wedding Present","","","Watusi","1994","9","o","",""
"16534590","","Wednesday","","","Bleeds","2025","9","n","",""
"11054397","","Wednesday","","","I Was Trying to Describe You to Someone","2020","7","n","",""
"15065347","","Wednesday","","","Rat Saw God","2023","8","n","",""
"8599","","Ween","","","12 Golden Country Greats","1996","7","o","",""
"8598","","Ween","","","Chocolate and Cheese","1994","8","o","",""
"53859","","Ween","","","Quebec","2003","6","n","",""
"180","","Weezer","","","Pinkerton","1996","6","o","",""
"179","","Weezer","","","Weezer [Blue Album]","1994","7","o","",""
"11977","Gillian","Welch","","","Time (The Revelator)","2001","6","o","",""
"40356","Junior","Wells' Chicago Blues Band","","","Hoodoo Man Blues","1965","7","o","",""
"13397215","Kanye","West","","","Donda","2021","5","n","",""
"218218","Kanye","West","","","Late Registration","2005","7","n","",""
"3050748","Kanye","West","","","My Beautiful Dark Twisted Fantasy","2010","8","n","",""
"94103","Kanye","West","","","The College Dropout","2004","7","n","",""
"6269116","Kanye","West","","","The Life of Pablo","2016","9","n","",""
"4568422","Kanye","West","","","Yeezus","2013","9","n","",""
"17084644","","Westside Cowboy","","","It Goes On","2026","7","n","",""
"14905813","","Weyes Blood","","","And in the Darkness, Hearts Aglow","2022","9","n","",""
"9999224","","Weyes Blood","","","Titanic Rising","2019","10","n","",""
"82124","","Whipping Boy","","","Submarine","1992","6","o","",""
"2691","","Whiskeytown","","","Strangers Almanac","1997","7","o","",""
"11106089","","White Poppy","","","Paradise Gardens","2020","7","n","",""
"3314","The","White Stripes","","","De Stijl","2000","7","o","",""
"30549","The","White Stripes","","","Elephant","2003","7","o","",""
"2687","The","White Stripes","","","White Blood Cells","2001","7","o","",""
"2980","The","Who","","","Live at Leeds","1970","0","w","","CD"
"5794","The","Who","","","Meaty Beaty Big &amp; Bouncy","1971","5","o","",""
"103194","The","Who","","","My Generation","1965","6","o","",""
"186","The","Who","","","Quadrophenia","1973","5","o","",""
"4658","The","Who","","","The Who Sell Out","1967","8","o","",""
"184","The","Who","","","Tommy","1969","8","o","","LP"
"185","The","Who","","","Who's Next","1971","7","o","",""
"6539104","","Widowspeak","","","All Yours","2015","7","n","",""
"4263607","","Widowspeak","","","Almanac","2013","8","n","",""
"3525198","","Widowspeak","","","Widowspeak","2011","9","n","",""
"2225203","John","Wiese","","","Circle Snare","2009","5","o","",""
"128260","","Wilco","","","A Ghost Is Born","2004","6","n","",""
"3588","","Wilco","","","A.M.","1995","7","o","",""
"3653","","Wilco","","","Being There","1996","7","o","",""
"2688","","Wilco","","","Summerteeth","1999","7","o","",""
"2259938","","Wilco","","","Wilco (The Album)","2009","4","o","",""
"2689","","Wilco","","","Yankee Hotel Foxtrot","2002","8","o","",""
"347396","","Wilderness","","","Wilderness","2005","6","o","",""
"2753558","","Wild Nothing","","","Gemini","2010","8","o","",""
"4046889","","Wild Nothing","","","Nocturne","2012","7","n","",""
"54005","The","Wild Swans","","","Bringing Home the Ashes","1988","7","o","",""
"28529","Hank","Williams","","","The Complete Hank Williams","1998","8","o","",""
"2692","Lucinda","Williams","","","Car Wheels on a Gravel Road","1998","5","n","",""
"59087","Hank","Williams, Jr.","","","Your Cheatin' Heart","1964","7","o","","LP"
"10158268","","Wilma Vritra","","","Burd","2019","8","n","",""
"161792","Brian","Wilson","","","Smile","2004","7","o","",""
"7620","Dennis","Wilson","","","Pacific Ocean Blue","1977","6","o","",""
"173847","Jackie","Wilson","","","Soul Time","1965","0","w","","CD"
"926832","","Windy &amp; Carl","","","A Dream of Blue","1997","8","o","",""
"333833","","Windy &amp; Carl","","","A Dream of Blue","1999","8","n","",""
"760019","","Windy &amp; Carl","","","Drawing of Sound","1996","8","o","",""
"81645","","Wipers","","","Is This Real?","1980","7","o","",""
"81646","","Wipers","","","Youth of America","1981","7","o","",""
"1432","","Wire","","","154","1979","9","o","",""
"1431","","Wire","","","Chairs Missing","1978","8","o","",""
"1430","","Wire","","","Pink Flag","1977","10","o","",""
"72885","The","Wolfhounds","","","Unseen Ripples From a Pebble","1987","7","o","",""
"338737","","Wolf Parade","","","Apologies to the Queen Mary","2005","6","o","",""
"2957197","","Women","","","Public Strain","2010","8","o","",""
"5735","Stevie","Wonder","","","Fulfillingness' First Finale","1974","8","o","",""
"5734","Stevie","Wonder","","","Innervisions","1973","8","o","",""
"4660","Stevie","Wonder","","","Songs in the Key of Life","1976","8","o","","LP"
"4659","Stevie","Wonder","","","Talking Book","1972","6","o","",""
"21025","","Wondermints","","","Wondermints","1995","7","o","",""
"14507668","billy","woods","","","Aethiopes","2022","6","n","",""
"164085","Raymond Scott","Woolson","","","Legendarium","2004","6","o","",""
"2800958","","Wounded Lion","","","Wounded Lion","2010","5","o","",""
"55734","The","Wrens","","","The Meadowlands","2003","9","o","",""
"11014","","Wu-Tang Clan","","","Enter the Wu-Tang (36 Chambers)","1993","10","o","",""
"11093","","Wu-Tang Clan","","","Wu-Tang Forever","1997","5","o","",""
"10143","Robert","Wyatt","","","Rock Bottom","1974","6","o","",""
"1421","","X","","","Los Angeles","1980","6","o","",""
"1422","","X","","","Wild Gift","1981","7","o","",""
"117269","","Xiu Xiu","","","Fabulous Muscles","2004","7","o","",""
"47225","","Xiu Xiu","","","Knife Play","2002","7","o","",""
"299","","X-Ray Spex","","","Germfree Adolescents","1978","7","o","",""
"1063","","XTC","","","Black Sea","1980","7","o","",""
"188","","XTC","","","Drums and Wires","1979","6","o","",""
"1066","","XTC","","","English Settlement","1982","6","o","",""
"189","","XTC","","","Skylarking","1986","7","o","",""
"7823650","The","xx","","","I See You","2017","5","n","",""
"2431351","The","xx","","","xx","2009","8","o","",""
"345863","","Yamash'ta &amp; The Horizon","","","Sunrise From West Sea ''Live''","1971","6","o","",""
"2550300","","Yeasayer","","","Odd Blood","2010","6","o","",""
"5721","","Yes","","","Close to the Edge","1972","5","n","",""
"5720","","Yes","","","Fragile","1971","4","o","",""
"10130430","Derya","Yıldırım &amp; Grup Şimşek","","","Kar Yağar","2019","9","n","",""
"2700","","Yo La Tengo","","","And Then Nothing Turned Itself Inside-Out","2000","8","o","",""
"179338","","Yo La Tengo","","","Autumn Sweater","1997","0","n","",""
"2698","","Yo La Tengo","","","Electr-o-Pura","1995","7","o","",""
"1250","","Yo La Tengo","","","Fakebook","1990","8","o","",""
"17632","","Yo La Tengo","","","Genius + Love = Yo La Tengo","1996","7","o","",""
"575858","","Yo La Tengo","","","I Am Not Afraid of You and I Will Beat Your Ass","2006","7","o","",""
"300","","Yo La Tengo","","","I Can Hear the Heart Beating as One","1997","10","o","",""
"1251","","Yo La Tengo","","","May I Sing With Me","1992","5","o","",""
"122481","","Yo La Tengo","","","Merry Christmas From Yo La Tengo","2002","5","o","",""
"1248","","Yo La Tengo","","","New Wave Hot Dogs","1987","5","o","",""
"32748","","Yo La Tengo","","","Painful","1993","7","o","",""
"2334829","","Yo La Tengo","","","Popular Songs","2009","7","o","",""
"1249","","Yo La Tengo","","","President Yo La Tengo","1989","7","o","",""
"1247","","Yo La Tengo","","","Ride the Tiger","1986","6","o","",""
"40875","","Yo La Tengo","","","Summer Sun","2003","7","o","",""
"20876","","Yo La Tengo","","","The Sounds of the Sounds of Science","2002","7","o","",""
"14983431","","Yo La Tengo","","","This Stupid World","2023","8","n","",""
"584369","Thom","Yorke","","","The Eraser","2006","8","o","",""
"1979271","","You Love Her Coz She's Dead","","","Inner City Angst","2008","5","o","",""
"2339","Neil","Young","","","After the Gold Rush","1970","10","o","","LP"
"2407","Neil","Young","","","Freedom","1989","7","o","",""
"2338","Neil","Young","","","Harvest","1972","8","o","",""
"789451","Neil","Young","","","Live at Massey Hall 1971","2007","8","o","",""
"562992","Neil","Young","","","Living With War","2006","6","o","",""
"2402","Neil","Young","","","On the Beach","1974","8","o","",""
"10085","Neil","Young","","","Time Fades Away","1973","8","o","",""
"2403","Neil","Young","","","Tonight's the Night","1975","8","o","",""
"8276","Neil","Young","","","Trans","1983","6","o","",""
"703081","Neil","Young &amp; Crazy Horse","","","Live at the Fillmore East","2006","7","o","",""
"16172","Neil","Young &amp; Crazy Horse","","","Live Rust","1979","7","o","",""
"2406","Neil","Young &amp; Crazy Horse","","","Rust Never Sleeps","1979","8","o","",""
"46615","Neil","Young &amp; Crazy Horse","","","Weld","1991","7","o","",""
"2408","Neil","Young + Crazy Horse","","","Ragged Glory","1990","7","o","",""
"12545309","Adrian","Younge, Ali Shaheed Muhammad &amp; Gary Bartz","","","Gary Bartz JID006","2021","6","n","",""
"11754179","Adrian","Younge, Ali Shaheed Muhammad &amp; Marcos Valle","","","Marcos Valle JID003","2020","7","n","",""
"20662","","Young Fresh Fellows","","","Topsy Turvy","1985","0","w","","CD"
"32740","The","Young Fresh Fellows","","","Electric Bird Digest","1991","0","w","","CD"
"20663","The","Young Fresh Fellows","","","The Men Who Loved Music","1987","5","o","",""
"16759","The","Young Gods","","","L'eau rouge","1989","7","o","",""
"2443570","","Young Governor","","","Hidden Love","2009","6","o","",""
"2739252","","Young Man","","","Boy","2010","5","o","",""
"10391","","Young Marble Giants","","","Colossal Youth","1980","9","o","",""
"65730","Richard","Youngs","","","Sapphie","1998","8","o","",""
"9254569","","Young Scum","","","Young Scum","2018","7","n","",""
"2337","Neil","Young with Crazy Horse","","","Everybody Knows This Is Nowhere","1969","7","o","",""
"2404","Neil","Young with Crazy Horse","","","Zuma","1975","8","o","",""
"4390","Frank","Zappa","","","Hot Rats","1969","7","n","",""
"9169824","Malena","Zavala","","","Aliso","2018","8","n","",""
"16888499","Malena","Zavala","","","If This Life Could Start Again","2026","7","n","",""
"11375322","Malena","Zavala","","","La yarará","2020","8","n","",""
"347929","Tom","Zé","","","Estudando o pagode (na opereta Segregamulher e Amor)","2005","5","o","",""
"17040","Tom","Zé","","","Estudando o samba","1976","5","o","",""
"36827","Tom","Zé","","","Tom Zé [Grande liquidação]","1968","6","o","",""
"2802","","Zero 7","","","Simple Things","2001","6","o","",""
"399342","","Zimbo Trio","","","Zimbo Trio","1964","7","n","",""
"1907062","","Zombi","","","Spirit Animal","2009","6","o","",""
"9363","The","Zombies","","","Odessey and Oracle","1968","8","o","",""
"10758","John","Zorn","","","Naked City","1990","6","o","",""
"8850","","µ-Ziq","","","Lunatic Harness","1997","7","o","",""
"9474743","ג׳ני","פנקין","Jenny","Penkin","Him, on the Other Hand","2018","6","n","",""
"9743819","","คณะ เบียร์บูด","","Khana Bierbood","คนแปลกหน้าจากดินแดนบูรพา (Strangers From the Far East)","2019","8","n","",""
"2822718","","あふりらんぽ","","Afrirampo","We Are Uchu No Ko","2010","8","o","",""
"10078079","","おとぼけビ～バ～","","Otoboke Beaver","いてこまヒッツ","2019","9","n","",""
"964271","","フィッシュマンズ [Fishmans]","","","空中キャンプ","1996","8","n","",""
"13394","","ボアダムス [Boredoms]","","","ヴィジョン  クリエイション ニューサン","1999","7","o","",""
"13395","","ボアダムス [Boredoms]","","","スーパー アー","1998","7","o","",""
"367583","","渋さ知らズ","","Shibusashirazu","渋星","2004","6","n","",""
"361118","","王菲","Faye","Wong","浮躁","1996","7","n","",""
"404125","","福居良","Ryo","Fukui","シーナリィ","1976","9","n","",""
"11853775","","黒田卓也","Takuya","Kuroda","Fly Moon Die Soon","2020","7","n","",""
